corpus,conv_id,turn_idx,n_msgs,P_nm_1,own_rate,v1_multi,v1_n1,v1_nexp,v2_multi,v2_n1,v2_nexp
maichat,conv070,47,1,1.0,0.043478260869565216,0.33,0.99,1.01,0.14,0.99,1.01
maichat,conv090,56,1,1.0,0.0,0.31,0.98,1.02,0.16,1.0,1.0
maichat,conv068,25,2,0.99,0.16666666666666666,0.46,0.94,1.06,0.32,0.9,1.1
maichat,conv063,31,1,1.0,0.2,0.4,0.97,1.03,0.34,0.92,1.08
maichat,conv079,1,1,1.0,,0.26,1.0,1.0,0.26,1.0,1.0
maichat,conv007,14,1,1.0,0.14285714285714285,0.3,0.99,1.01,0.21,0.98,1.02
maichat,conv070,22,1,1.0,0.18181818181818182,0.3,0.99,1.01,0.25,0.95,1.05
maichat,conv075,28,1,0.99,0.07142857142857142,0.4,0.97,1.03,0.23,0.97,1.03
maichat,conv045,63,1,0.99,0.4838709677419355,0.63,0.78,1.34,0.6,0.47000000000000003,1.625
maichat,conv068,11,1,1.0,0.2,0.39,0.92,1.09,0.3,0.92,1.08
maichat,conv081,44,1,1.0,0.045454545454545456,0.39,0.96,1.04,0.2,0.99,1.01
maichat,conv001,13,2,0.99,0.0,0.37,0.98,1.02,0.26,0.99,1.01
maichat,conv003,7,6,0.83,0.3333333333333333,0.63,0.56,1.6400000000000001,0.6,0.38,1.7049999999999998
maichat,conv020,8,6,0.98,0.25,0.46,0.8,1.2000000000000002,0.33,0.8,1.2000000000000002
maichat,conv065,51,1,0.99,0.32,0.41,0.9400000000000001,1.06,0.39,0.77,1.23
maichat,conv049,53,1,1.0,0.3076923076923077,0.25,0.99,1.01,0.3,0.96,1.04
maichat,conv045,52,2,1.0,0.46153846153846156,0.44,0.75,1.26,0.53,0.44,1.57
maichat,conv081,74,1,1.0,0.08108108108108109,0.45,0.74,1.27,0.25,0.88,1.12
maichat,conv066,40,1,1.0,0.15,0.29,0.98,1.02,0.25,0.95,1.05
maichat,conv049,7,1,1.0,0.3333333333333333,0.46,0.84,1.17,0.42,0.75,1.26
maichat,conv089,22,1,1.0,0.2727272727272727,0.35,0.98,1.02,0.41,0.83,1.18
maichat,conv025,28,3,0.95,0.5714285714285714,0.46,0.9,1.11,0.56,0.51,1.5
maichat,conv031,106,2,1.0,0.5094339622641509,0.68,0.65,1.63,0.57,0.39,1.735
maichat,conv063,23,1,1.0,0.2727272727272727,0.37,0.95,1.05,0.42,0.87,1.13
maichat,conv018,12,4,1.0,0.3333333333333333,0.67,0.7,1.5150000000000001,0.61,0.5,1.6700000000000002
maichat,conv006,18,2,0.99,0.3333333333333333,0.71,0.38,2.125,0.56,0.34,1.915
maichat,conv006,10,1,1.0,0.2,0.42,0.93,1.08,0.38,0.88,1.12
maichat,conv008,5,4,0.99,1.0,0.52,0.75,1.26,0.72,0.07,1.9300000000000002
maichat,conv063,16,1,1.0,0.375,0.37,0.94,1.06,0.44,0.72,1.29
maichat,conv088,23,1,1.0,0.36363636363636365,0.44,0.93,1.07,0.47,0.78,1.22
maichat,conv007,81,1,0.92,0.675,0.71,0.61,1.61,0.68,0.18,2.01
maichat,conv032,3,1,0.96,1.0,0.45,0.71,1.29,0.65,0.12,1.88
maichat,conv093,34,1,0.97,0.5882352941176471,0.64,0.46,1.585,0.63,0.34,1.6800000000000002
maichat,conv049,44,2,0.94,0.5909090909090909,0.65,0.54,1.705,0.61,0.34,1.7900000000000003
maichat,conv081,3,1,1.0,0.0,0.26,1.0,1.0,0.23,1.0,1.0
maichat,conv084,13,2,1.0,0.3333333333333333,0.47,0.91,1.09,0.45,0.74,1.26
maichat,conv082,16,1,1.0,0.125,0.32,0.98,1.02,0.26,0.96,1.04
maichat,conv018,23,1,1.0,0.5454545454545454,0.65,0.65,1.63,0.62,0.25,1.84
maichat,conv023,46,1,1.0,0.391304347826087,0.55,0.72,1.325,0.5,0.54,1.47
maichat,conv090,79,1,1.0,0.0,0.34,0.97,1.03,0.19,0.99,1.01
maichat,conv002,38,2,0.96,0.47368421052631576,0.53,0.88,1.165,0.54,0.65,1.36
maichat,conv033,45,2,0.99,0.5,0.45,0.71,1.57,0.51,0.7,1.425
maichat,conv093,4,3,1.0,0.5,0.61,0.34,1.6700000000000002,0.56,0.18,1.8199999999999998
maichat,conv078,42,1,1.0,0.5714285714285714,0.44,0.95,1.05,0.56,0.59,1.4200000000000002
maichat,conv081,37,1,1.0,0.0,0.45,0.94,1.07,0.16,1.0,1.0
maichat,conv020,55,1,0.99,0.18518518518518517,0.49,0.9,1.11,0.35,0.88,1.12
maichat,conv023,131,6,1.0,0.46153846153846156,0.51,0.71,1.3,0.54,0.5,1.51
maichat,conv020,42,4,0.98,0.47619047619047616,0.6,0.58,1.4549999999999998,0.54,0.43,1.58
maichat,conv019,46,2,0.99,0.6086956521739131,0.57,0.74,1.36,0.61,0.4,1.6849999999999998
maichat,conv082,55,1,1.0,0.037037037037037035,0.4,0.97,1.03,0.21,0.99,1.01
maichat,conv095,32,2,0.98,0.375,0.45,0.84,1.17,0.44,0.77,1.23
maichat,conv081,22,1,1.0,0.0,0.26,0.99,1.01,0.16,1.0,1.0
maichat,conv078,12,1,1.0,0.8333333333333334,0.56,0.63,1.3800000000000001,0.75,0.14,1.8699999999999999
maichat,conv025,65,2,0.94,0.375,0.59,0.69,1.33,0.55,0.45,1.56
maichat,conv082,41,1,1.0,0.05,0.33,0.98,1.02,0.21,0.98,1.02
maichat,conv068,39,1,1.0,0.21052631578947367,0.29,0.99,1.01,0.29,0.94,1.06
maichat,conv091,31,1,1.0,0.13333333333333333,0.36,0.96,1.04,0.23,0.99,1.01
maichat,conv020,16,1,0.95,0.5,0.65,0.72,1.425,0.57,0.6,1.4849999999999999
maichat,conv018,9,2,1.0,0.5,0.66,0.48,1.8699999999999999,0.6,0.34,1.8250000000000002
maichat,conv063,5,1,1.0,0.5,0.45,0.92,1.08,0.47,0.68,1.32
maichat,conv082,20,1,1.0,0.1,0.32,0.99,1.01,0.27,0.96,1.04
maichat,conv063,3,1,0.99,1.0,0.52,0.7,1.2999999999999998,0.64,0.06,1.94
maichat,conv033,26,1,0.99,0.6153846153846154,0.61,0.75,1.44,0.63,0.21,1.9300000000000002
maichat,conv049,16,3,0.98,0.375,0.57,0.82,1.235,0.51,0.75,1.27
maichat,conv095,54,1,0.99,0.37037037037037035,0.49,0.77,1.23,0.44,0.63,1.3800000000000001
maichat,conv066,51,1,1.0,0.24,0.35,0.97,1.03,0.36,0.86,1.1400000000000001
maichat,conv089,6,2,1.0,0.0,0.33,0.97,1.03,0.23,1.0,1.0
maichat,conv054,12,2,1.0,0.5,0.58,0.71,1.335,0.55,0.55,1.4600000000000002
maichat,conv063,27,1,1.0,0.23076923076923078,0.33,0.98,1.02,0.34,0.9,1.1
maichat,conv042,21,1,1.0,0.3,0.62,0.44,1.57,0.5,0.37,1.63
maichat,conv083,4,1,0.97,0.5,0.48,0.87,1.13,0.51,0.6,1.4
maichat,conv086,25,1,0.99,0.75,0.6,0.73,1.28,0.71,0.25,1.77
maichat,conv045,51,2,0.8,0.44,0.52,0.64,1.4249999999999998,0.54,0.47,1.54
maichat,conv006,54,1,1.0,0.48148148148148145,0.51,0.72,1.29,0.53,0.63,1.3800000000000001
maichat,conv007,53,1,0.9299999999999999,0.6153846153846154,0.59,0.78,1.2900000000000003,0.62,0.41,1.635
maichat,conv095,35,1,1.0,0.058823529411764705,0.38,0.98,1.02,0.22,0.99,1.01
maichat,conv078,21,1,1.0,0.7,0.47,0.92,1.08,0.61,0.41,1.5899999999999999
maichat,conv031,24,1,1.0,0.5,0.66,0.5,1.5749999999999997,0.62,0.26,1.75
maichat,conv008,22,1,0.96,0.45454545454545453,0.58,0.53,1.5350000000000001,0.53,0.46,1.55
maichat,conv065,54,1,1.0,0.18518518518518517,0.24,0.99,1.01,0.25,0.96,1.04
maichat,conv031,38,2,0.99,0.5789473684210527,0.7,0.71,1.53,0.61,0.24,1.8249999999999997
maichat,conv042,117,1,0.99,0.3448275862068966,0.48,0.89,1.12,0.43,0.8,1.2000000000000002
maichat,conv083,49,1,1.0,0.16666666666666666,0.25,0.99,1.01,0.24,0.97,1.03
maichat,conv092,56,1,1.0,0.07142857142857142,0.25,0.99,1.01,0.16,0.98,1.02
maichat,conv042,99,1,0.99,0.32653061224489793,0.56,0.7,1.335,0.48,0.65,1.36
maichat,conv008,51,2,0.98,0.44,0.47,0.86,1.1500000000000001,0.5,0.6,1.41
maichat,conv083,47,1,1.0,0.17391304347826086,0.33,0.98,1.02,0.26,0.96,1.04
maichat,conv086,6,1,0.98,0.3333333333333333,0.7,0.34,1.6700000000000002,0.56,0.31,1.7000000000000002
maichat,conv093,16,1,0.98,0.625,0.56,0.73,1.28,0.61,0.24,1.77
maichat,conv095,24,2,1.0,0.3333333333333333,0.31,0.97,1.03,0.42,0.84,1.16
maichat,conv070,21,1,1.0,0.0,0.3,0.99,1.01,0.16,1.0,1.0
maichat,conv084,49,1,0.94,0.25,0.5,0.85,1.16,0.38,0.75,1.26
maichat,conv088,6,1,0.99,0.6666666666666666,0.69,0.23,1.78,0.63,0.12,1.88
maichat,conv025,25,1,1.0,0.25,0.44,0.97,1.03,0.46,0.77,1.24
maichat,conv045,57,1,0.98,0.5,0.53,0.73,1.3699999999999999,0.55,0.63,1.415
maichat,conv001,1,1,1.0,,0.27,1.0,1.0,0.24,1.0,1.0
maichat,conv068,47,1,1.0,0.17391304347826086,0.41,0.96,1.04,0.29,0.94,1.06
maichat,conv022,31,1,0.99,0.3333333333333333,0.45,0.91,1.1,0.44,0.9,1.1
maichat,conv042,23,1,0.98,0.2727272727272727,0.69,0.36,1.6500000000000001,0.52,0.35,1.65
maichat,conv091,6,1,1.0,0.3333333333333333,0.41,0.97,1.03,0.37,0.9,1.1
maichat,conv025,55,1,1.0,0.2962962962962963,0.46,0.92,1.09,0.44,0.82,1.19
maichat,conv079,47,1,1.0,0.0,0.36,0.99,1.01,0.13,1.0,1.0
maichat,conv090,60,1,1.0,0.0,0.32,0.95,1.05,0.17,1.0,1.0
maichat,conv068,50,1,1.0,0.2,0.27,0.99,1.01,0.24,0.98,1.02
maichat,conv081,51,1,1.0,0.0,0.43,0.97,1.03,0.18,1.0,1.0
maichat,conv023,88,2,1.0,0.29545454545454547,0.35,0.95,1.06,0.38,0.88,1.1300000000000001
maichat,conv049,31,3,0.92,0.4,0.55,0.84,1.195,0.53,0.67,1.34
maichat,conv070,35,1,1.0,0.058823529411764705,0.5,0.86,1.1500000000000001,0.28,0.89,1.11
maichat,conv054,61,1,0.99,0.4,0.37,0.95,1.085,0.41,0.93,1.07
maichat,conv004,46,3,1.0,0.34782608695652173,0.43,0.9,1.145,0.45,0.74,1.27
maichat,conv079,39,1,1.0,0.0,0.47,0.91,1.125,0.22,0.99,1.01
maichat,conv020,57,1,0.99,0.17857142857142858,0.49,0.87,1.175,0.32,0.84,1.17
maichat,conv023,80,1,0.99,0.3,0.59,0.57,1.59,0.51,0.45,1.57
maichat,conv003,36,2,0.99,0.7222222222222222,0.53,0.83,1.2349999999999999,0.66,0.38,1.6949999999999998
maichat,conv075,58,1,1.0,0.10344827586206896,0.27,0.99,1.01,0.21,0.99,1.01
maichat,conv088,38,1,1.0,0.21052631578947367,0.4,0.92,1.115,0.31,0.9,1.1
maichat,conv092,51,1,1.0,0.12,0.31,0.99,1.01,0.23,0.98,1.02
maichat,conv075,56,1,1.0,0.10714285714285714,0.34,0.98,1.02,0.22,0.98,1.02
maichat,conv089,4,1,1.0,0.0,0.34,0.97,1.03,0.25,0.99,1.01
maichat,conv095,3,1,1.0,0.0,0.29,0.99,1.01,0.24,1.0,1.0
maichat,conv070,30,2,1.0,0.13333333333333333,0.47,0.9,1.145,0.28,0.96,1.04
maichat,conv084,55,1,1.0,0.2222222222222222,0.53,0.8099999999999999,1.2249999999999999,0.36,0.84,1.16
maichat,conv022,22,1,0.87,0.5454545454545454,0.5,0.82,1.2149999999999999,0.53,0.53,1.4800000000000002
maichat,conv008,21,3,0.99,0.4,0.38,0.9,1.11,0.48,0.68,1.33
maichat,conv054,53,4,0.97,0.4230769230769231,0.55,0.76,1.25,0.54,0.6,1.41
maichat,conv004,29,1,1.0,0.42857142857142855,0.45,0.89,1.12,0.54,0.42,1.59
maichat,conv042,96,2,1.0,0.3541666666666667,0.56,0.78,1.2650000000000001,0.47,0.6,1.4449999999999998
maichat,conv042,77,2,1.0,0.3157894736842105,0.5,0.83,1.2049999999999998,0.43,0.7,1.3099999999999998
maichat,conv042,72,1,0.99,0.3888888888888889,0.45,0.88,1.165,0.46,0.7,1.3099999999999998
maichat,conv020,11,1,0.91,0.4,0.52,0.8,1.2100000000000002,0.51,0.54,1.47
maichat,conv049,41,1,0.99,0.4,0.49,0.78,1.23,0.51,0.66,1.35
maichat,conv045,74,3,0.99,0.5405405405405406,0.51,0.91,1.125,0.56,0.71,1.325
maichat,conv006,43,3,0.99,0.6190476190476191,0.62,0.75,1.3750000000000002,0.64,0.24,1.86
maichat,conv004,16,1,0.82,0.25,0.48,0.81,1.19,0.38,0.72,1.28
maichat,conv004,53,1,1.0,0.34615384615384615,0.45,0.9,1.1,0.47,0.7,1.3099999999999998
maichat,conv068,15,1,1.0,0.14285714285714285,0.33,0.99,1.01,0.25,0.98,1.02
maichat,conv072,4,1,1.0,0.0,0.27,0.99,1.01,0.21,1.0,1.0
maichat,conv032,57,5,0.99,0.6785714285714286,0.71,0.64,1.415,0.68,0.27,1.74
maichat,conv018,41,1,1.0,0.4,0.44,0.9,1.135,0.49,0.78,1.2550000000000001
maichat,conv075,2,1,1.0,0.0,0.3,0.99,1.01,0.25,0.99,1.01
maichat,conv079,45,1,1.0,0.0,0.34,0.99,1.01,0.14,1.0,1.0
maichat,conv081,67,1,1.0,0.0,0.38,0.98,1.02,0.2,0.99,1.01
maichat,conv018,19,1,1.0,0.5555555555555556,0.56,0.62,1.4449999999999998,0.6,0.31,1.73
maichat,conv023,72,3,0.96,0.2777777777777778,0.63,0.5,2.03,0.49,0.54,1.7750000000000001
maichat,conv063,1,2,1.0,,0.29,0.99,1.01,0.27,1.0,1.0
maichat,conv070,68,1,0.99,0.17647058823529413,0.59,0.63,1.3900000000000001,0.32,0.7,1.2999999999999998
maichat,conv022,26,3,0.98,0.46153846153846156,0.46,0.88,1.155,0.51,0.66,1.35
maichat,conv090,15,1,1.0,0.0,0.33,0.99,1.01,0.22,1.0,1.0
maichat,conv091,66,1,1.0,0.09090909090909091,0.38,0.97,1.03,0.2,0.97,1.03
maichat,conv019,49,2,0.99,0.25,0.57,0.75,1.305,0.47,0.75,1.26
maichat,conv065,36,1,1.0,0.2777777777777778,0.44,0.84,1.16,0.41,0.82,1.18
maichat,conv018,26,1,0.97,0.6153846153846154,0.62,0.77,1.4649999999999999,0.65,0.34,2.115
maichat,conv045,71,1,0.99,0.45714285714285713,0.48,0.8099999999999999,1.2349999999999999,0.52,0.66,1.35
maichat,conv091,19,1,1.0,0.1111111111111111,0.33,0.97,1.03,0.26,0.96,1.04
maichat,conv088,14,1,1.0,0.42857142857142855,0.33,0.96,1.04,0.45,0.81,1.2
maichat,conv070,53,1,1.0,0.038461538461538464,0.34,0.98,1.02,0.18,0.99,1.01
maichat,conv081,71,1,1.0,0.0,0.24,0.99,1.01,0.14,1.0,1.0
maichat,conv081,5,1,1.0,0.0,0.23,1.0,1.0,0.2,1.0,1.0
maichat,conv008,39,2,1.0,0.42105263157894735,0.47,0.81,1.2,0.51,0.63,1.3800000000000001
maichat,conv091,18,1,1.0,0.2222222222222222,0.42,0.92,1.08,0.34,0.91,1.09
maichat,conv066,39,1,1.0,0.3157894736842105,0.27,0.99,1.01,0.4,0.87,1.13
maichat,conv068,14,1,1.0,0.5714285714285714,0.53,0.86,1.2300000000000002,0.56,0.5,1.555
maichat,conv032,39,1,0.99,0.631578947368421,0.64,0.61,1.57,0.62,0.27,1.76
maichat,conv086,10,1,0.99,0.4,0.69,0.39,1.6649999999999998,0.57,0.28,1.74
maichat,conv068,51,1,1.0,0.16,0.28,0.99,1.01,0.23,0.98,1.02
maichat,conv049,19,2,0.8,0.4444444444444444,0.65,0.44,1.57,0.58,0.58,1.43
maichat,conv065,37,1,1.0,0.3888888888888889,0.4,0.92,1.09,0.5,0.73,1.27
maichat,conv042,78,1,1.0,0.38461538461538464,0.47,0.75,1.295,0.46,0.54,1.4949999999999999
maichat,conv031,64,1,0.97,0.625,0.59,0.49,1.555,0.66,0.22,1.79
maichat,conv008,75,2,1.0,0.4594594594594595,0.38,0.95,1.05,0.51,0.66,1.375
maichat,conv022,29,1,0.99,0.35714285714285715,0.49,0.81,1.1800000000000002,0.5,0.57,1.45
maichat,conv006,56,4,1.0,0.4642857142857143,0.53,0.9,1.135,0.54,0.67,1.34
maichat,conv004,54,1,0.99,0.4444444444444444,0.61,0.74,1.33,0.56,0.48,1.565
maichat,conv088,16,2,1.0,0.375,0.35,0.93,1.07,0.45,0.72,1.29
maichat,conv070,14,1,1.0,0.2857142857142857,0.41,0.9400000000000001,1.06,0.35,0.88,1.12
maichat,conv090,21,1,0.99,0.0,0.4,0.93,1.08,0.24,0.99,1.01
maichat,conv084,16,1,1.0,0.125,0.35,0.97,1.03,0.25,0.97,1.03
maichat,conv002,21,2,0.95,0.7,0.54,0.69,1.355,0.65,0.29,1.7550000000000001
maichat,conv002,17,2,1.0,0.625,0.52,0.74,1.315,0.6,0.32,1.725
maichat,conv081,7,1,1.0,0.0,0.26,0.99,1.01,0.19,1.0,1.0
maichat,conv023,129,1,1.0,0.46875,0.55,0.63,1.3800000000000001,0.57,0.46,1.55
maichat,conv070,61,1,0.99,0.03333333333333333,0.32,0.98,1.02,0.19,0.99,1.01
maichat,conv090,76,1,1.0,0.0,0.39,0.93,1.07,0.2,0.99,1.01
maichat,conv006,6,1,1.0,0.0,0.45,0.89,1.11,0.3,0.98,1.02
maichat,conv065,4,2,1.0,0.0,0.35,0.94,1.06,0.22,0.99,1.01
maichat,conv081,18,1,1.0,0.0,0.29,0.98,1.02,0.17,1.0,1.0
maichat,conv008,64,3,0.99,0.40625,0.59,0.58,1.5,0.57,0.32,1.7000000000000002
maichat,conv084,35,1,1.0,0.23529411764705882,0.37,0.97,1.03,0.37,0.92,1.08
maichat,conv019,24,1,0.99,0.5833333333333334,0.41,0.92,1.09,0.56,0.42,1.6149999999999998
maichat,conv025,53,1,1.0,0.3076923076923077,0.45,0.9,1.11,0.46,0.8,1.2100000000000002
maichat,conv095,15,1,1.0,0.0,0.44,0.96,1.05,0.26,0.99,1.01
maichat,conv006,2,1,1.0,0.0,0.4,0.95,1.05,0.27,0.99,1.01
maichat,conv007,96,1,1.0,0.3125,0.38,0.89,1.12,0.39,0.67,1.34
maichat,conv066,41,1,1.0,0.3,0.42,0.92,1.08,0.41,0.83,1.17
maichat,conv031,116,2,1.0,0.5344827586206896,0.71,0.38,2.1799999999999997,0.62,0.28,2.04
maichat,conv023,53,4,0.96,0.5769230769230769,0.53,0.84,1.335,0.59,0.56,1.465
maichat,conv049,11,2,0.99,0.2,0.55,0.83,1.24,0.38,0.88,1.1300000000000001
maichat,conv032,14,2,1.0,0.42857142857142855,0.44,0.85,1.16,0.48,0.67,1.34
maichat,conv092,29,2,1.0,0.14285714285714285,0.48,0.9400000000000001,1.06,0.27,0.94,1.06
maichat,conv079,13,1,1.0,0.0,0.38,0.96,1.04,0.2,1.0,1.0
maichat,conv070,31,2,1.0,0.0,0.44,0.96,1.04,0.25,0.98,1.02
maichat,conv070,10,1,1.0,0.4,0.4,0.96,1.04,0.44,0.88,1.12
maichat,conv007,89,1,0.97,0.6590909090909091,0.53,0.83,1.19,0.64,0.5,1.545
maichat,conv006,1,2,1.0,,0.27,1.0,1.0,0.24,1.0,1.0
maichat,conv006,7,2,0.99,0.6666666666666666,0.62,0.62,1.39,0.6,0.38,1.6300000000000001
maichat,conv092,33,1,0.99,0.1875,0.48,0.9,1.1,0.33,0.91,1.09
maichat,conv068,26,1,0.99,0.38461538461538464,0.5,0.78,1.23,0.5,0.54,1.47
maichat,conv086,37,1,0.95,0.6666666666666666,0.57,0.8,1.2100000000000002,0.64,0.35,1.66
maichat,conv093,32,2,0.99,0.5625,0.61,0.74,1.34,0.58,0.4,1.62
maichat,conv022,39,2,1.0,0.2631578947368421,0.32,0.97,1.03,0.37,0.89,1.11
maichat,conv065,3,2,1.0,1.0,0.45,0.93,1.07,0.63,0.11,1.8900000000000001
maichat,conv022,10,1,0.86,0.6,0.68,0.3,1.7200000000000002,0.61,0.22,1.79
maichat,conv090,41,1,1.0,0.0,0.38,0.97,1.04,0.16,1.0,1.0
maichat,conv091,55,1,1.0,0.07407407407407407,0.41,0.98,1.045,0.24,0.96,1.04
maichat,conv042,63,1,1.0,0.2903225806451613,0.54,0.67,1.33,0.42,0.55,1.4500000000000002
maichat,conv084,10,1,1.0,0.2,0.33,0.97,1.03,0.32,0.93,1.07
maichat,conv025,4,2,0.57,1.0,0.55,0.54,1.57,0.72,0.02,1.99
maichat,conv006,51,1,0.99,0.64,0.51,0.83,1.2249999999999999,0.63,0.57,1.475
maichat,conv091,44,2,1.0,0.09090909090909091,0.26,0.99,1.01,0.17,0.99,1.01
maichat,conv031,15,1,1.0,0.42857142857142855,0.54,0.76,1.285,0.52,0.56,1.46
maichat,conv008,70,3,0.96,0.4,0.64,0.66,1.375,0.55,0.45,1.56
maichat,conv091,80,1,1.0,0.1,0.32,0.97,1.03,0.21,0.97,1.03
maichat,conv091,87,1,1.0,0.046511627906976744,0.32,0.99,1.01,0.15,0.99,1.01
maichat,conv031,46,1,0.99,0.6086956521739131,0.62,0.69,1.355,0.65,0.24,1.795
maichat,conv081,31,1,1.0,0.0,0.4,0.97,1.03,0.2,0.99,1.01
maichat,conv020,4,1,1.0,0.0,0.23,0.99,1.01,0.17,1.0,1.0
maichat,conv090,4,1,1.0,0.0,0.29,0.99,1.01,0.21,0.99,1.01
maichat,conv049,27,1,0.98,0.46153846153846156,0.54,0.73,1.28,0.54,0.48,1.52
maichat,conv066,25,1,0.98,0.3333333333333333,0.57,0.88,1.1300000000000001,0.46,0.79,1.21
maichat,conv045,23,1,1.0,0.36363636363636365,0.41,0.91,1.09,0.46,0.64,1.3599999999999999
maichat,conv006,26,1,0.99,0.38461538461538464,0.47,0.88,1.1300000000000001,0.49,0.69,1.32
maichat,conv081,64,1,1.0,0.0625,0.28,1.0,1.0,0.16,0.98,1.02
maichat,conv002,2,1,1.0,0.0,0.33,0.96,1.04,0.24,1.0,1.0
maichat,conv083,9,1,0.99,0.5,0.5,0.77,1.24,0.52,0.58,1.42
maichat,conv088,19,1,0.99,0.4444444444444444,0.46,0.79,1.2449999999999999,0.5,0.7,1.3099999999999998
maichat,conv049,40,2,0.99,0.55,0.48,0.76,1.285,0.56,0.46,1.585
maichat,conv090,47,1,1.0,0.0,0.45,0.95,1.06,0.15,1.0,1.0
maichat,conv081,16,1,1.0,0.0,0.33,0.97,1.03,0.2,1.0,1.0
maichat,conv006,55,4,1.0,0.5925925925925926,0.39,0.92,1.09,0.58,0.48,1.53
maichat,conv007,83,3,0.96,0.6585365853658537,0.69,0.65,1.5450000000000002,0.67,0.26,1.9049999999999998
maichat,conv091,12,1,1.0,0.16666666666666666,0.33,0.99,1.01,0.26,0.98,1.02
maichat,conv003,29,3,0.86,0.7857142857142857,0.66,0.68,1.4300000000000002,0.73,0.33,1.9400000000000002
maichat,conv027,26,1,1.0,0.3333333333333333,0.53,0.93,1.105,0.49,0.78,1.23
maichat,conv006,15,3,0.99,0.5714285714285714,0.43,0.84,1.195,0.53,0.54,1.4949999999999999
maichat,conv020,15,1,0.99,0.2857142857142857,0.48,0.89,1.12,0.45,0.8,1.2100000000000002
maichat,conv002,24,1,0.99,0.5,0.56,0.63,1.5149999999999997,0.58,0.32,1.78
maichat,conv083,51,1,1.0,0.16,0.27,0.99,1.01,0.28,0.96,1.04
maichat,conv007,17,3,0.93,0.625,0.62,0.62,1.5,0.63,0.2,1.8399999999999999
maichat,conv019,60,1,1.0,0.6,0.57,0.52,1.535,0.6,0.29,1.7550000000000001
maichat,conv007,2,1,1.0,0.0,0.4,0.96,1.04,0.29,0.99,1.01
whatsapp_nl,wa_M_012,4,5,0.97,0.0,0.5,0.79,1.275,0.27,0.98,1.02
whatsapp_nl,wa_M_061,4,2,0.98,0.5,0.47,0.86,1.1400000000000001,0.53,0.37,1.64
whatsapp_nl,wa_M_062,154,1,0.76,0.4936708860759494,0.6,0.63,1.435,0.61,0.3,1.7200000000000002
whatsapp_nl,wa_M_016,228,3,1.0,0.6071428571428571,0.31,1.0,1.0,0.59,0.17,1.8399999999999999
whatsapp_nl,wa_M_029,47,1,0.99,0.5454545454545454,0.4,0.92,1.09,0.55,0.6,1.41
whatsapp_nl,wa_M_016,234,1,0.55,0.6173913043478261,0.76,0.3,2.135,0.66,0.18,2.035
whatsapp_nl,wa_M_051,1151,1,0.99,0.5226480836236934,0.52,0.7,1.3099999999999998,0.54,0.36,1.6500000000000001
whatsapp_nl,wa_M_014,77,3,0.99,0.6410256410256411,0.43,0.75,1.25,0.64,0.33,1.705
whatsapp_nl,wa_M_053,457,1,1.0,0.5043478260869565,0.23,1.0,1.0,0.51,0.65,1.35
whatsapp_nl,wa_M_047,24,3,1.0,0.08333333333333333,0.3,0.99,1.01,0.22,0.91,1.09
whatsapp_nl,wa_M_004,369,1,0.96,0.5846994535519126,0.55,0.72,1.315,0.62,0.26,1.775
whatsapp_nl,wa_M_048,3,1,0.99,1.0,0.45,0.76,1.24,0.55,0.19,1.81
whatsapp_nl,wa_M_041,88,2,0.99,0.3181818181818182,0.44,0.86,1.1400000000000001,0.4,0.63,1.37
whatsapp_nl,wa_M_028,7,1,1.0,0.6666666666666666,0.44,0.75,1.25,0.6,0.21,1.79
whatsapp_nl,wa_M_043,258,1,0.9400000000000001,0.5413533834586466,0.47,0.81,1.2,0.57,0.52,1.49
whatsapp_nl,wa_M_037,2,1,1.0,0.0,0.34,0.97,1.03,0.21,0.99,1.01
whatsapp_nl,wa_M_011,24,4,1.0,0.4166666666666667,0.31,0.99,1.01,0.42,0.75,1.25
whatsapp_nl,wa_M_029,43,1,0.7,0.6,0.62,0.31,2.1999999999999997,0.6,0.13,2.165
whatsapp_nl,wa_M_014,105,1,0.9400000000000001,0.6226415094339622,0.64,0.6799999999999999,1.395,0.64,0.35,1.7249999999999996
whatsapp_nl,wa_M_057,263,2,0.99,0.3968253968253968,0.57,0.76,1.275,0.51,0.52,1.515
whatsapp_nl,wa_M_034,64,2,0.93,0.5806451612903226,0.56,0.76,1.34,0.59,0.41,1.645
whatsapp_nl,wa_M_017,40,1,1.0,0.42857142857142855,0.25,1.0,1.0,0.46,0.9,1.1
whatsapp_nl,wa_M_054,70,2,1.0,0.2972972972972973,0.43,0.83,1.17,0.38,0.66,1.35
whatsapp_nl,wa_M_052,31,3,0.93,0.7333333333333333,0.53,0.76,1.285,0.67,0.14,1.88
whatsapp_nl,wa_M_008,1155,1,1.0,0.3134057971014493,0.45,0.92,1.08,0.42,0.81,1.19
whatsapp_nl,wa_M_028,6,1,1.0,0.3333333333333333,0.44,0.79,1.21,0.43,0.68,1.33
whatsapp_nl,wa_M_032,52,4,1.0,0.4230769230769231,0.48,0.67,1.33,0.48,0.48,1.52
whatsapp_nl,wa_M_018,23,1,1.0,0.18181818181818182,0.39,0.96,1.075,0.32,0.88,1.12
whatsapp_nl,wa_M_004,354,2,0.96,0.5649717514124294,0.66,0.63,1.75,0.64,0.48,1.77
whatsapp_nl,wa_M_013,9,1,0.99,0.5,0.59,0.76,1.3200000000000003,0.54,0.54,1.48
whatsapp_nl,wa_M_007,25,2,0.94,0.4166666666666667,0.4,0.89,1.11,0.49,0.65,1.35
whatsapp_nl,wa_M_056,93,1,0.95,0.4666666666666667,0.67,0.46,1.685,0.54,0.3,1.7200000000000002
whatsapp_nl,wa_M_027,585,3,1.0,0.5316901408450704,0.42,0.86,1.1400000000000001,0.53,0.38,1.6300000000000001
whatsapp_nl,wa_M_034,55,1,0.99,0.5357142857142857,0.55,0.86,1.2100000000000002,0.62,0.41,1.6749999999999998
whatsapp_nl,wa_M_050,9,4,1.0,0.2,0.42,0.86,1.1400000000000001,0.38,0.83,1.17
whatsapp_nl,wa_M_004,360,2,1.0,0.5810055865921788,0.37,0.99,1.01,0.55,0.38,1.6300000000000001
whatsapp_nl,wa_M_052,11,1,1.0,0.6,0.59,0.75,1.44,0.61,0.3,2.02
whatsapp_nl,wa_M_047,16,1,1.0,0.375,0.53,0.8,1.2000000000000002,0.47,0.5599999999999999,1.45
whatsapp_nl,wa_M_015,85,1,1.0,0.10526315789473684,0.21,1.0,1.0,0.19,0.99,1.01
whatsapp_nl,wa_M_040,9,3,1.0,0.25,0.26,1.0,1.0,0.31,0.85,1.15
whatsapp_nl,wa_M_012,52,1,1.0,0.52,0.54,0.81,1.205,0.56,0.5,1.545
whatsapp_nl,wa_M_036,379,4,0.79,0.6210526315789474,0.83,0.16,3.725,0.68,0.08,3.4050000000000002
whatsapp_nl,wa_M_036,328,2,0.93,0.6257668711656442,0.65,0.47,2.045,0.65,0.14,2.36
whatsapp_nl,wa_M_046,13,2,1.0,0.8333333333333334,0.45,0.78,1.22,0.76,0.06,2.5700000000000003
whatsapp_nl,wa_M_041,116,1,1.0,0.3220338983050847,0.51,0.83,1.17,0.44,0.68,1.32
whatsapp_nl,wa_M_036,340,1,1.0,0.6272189349112426,0.51,0.89,1.195,0.61,0.38,1.6900000000000002
whatsapp_nl,wa_M_029,4,2,1.0,0.5,0.43,0.91,1.09,0.52,0.35,1.66
whatsapp_nl,wa_M_042,152,1,0.96,0.5454545454545454,0.65,0.36,1.7349999999999999,0.61,0.15,1.94
whatsapp_nl,wa_M_016,224,3,0.98,0.6194690265486725,0.69,0.64,1.435,0.67,0.3,1.805
whatsapp_nl,wa_M_022,131,1,1.0,0.3684210526315789,0.46,0.96,1.06,0.48,0.73,1.3749999999999998
whatsapp_nl,wa_M_036,343,1,0.99,0.5988372093023255,0.55,0.72,1.335,0.59,0.37,1.7049999999999996
whatsapp_nl,wa_M_010,199,1,1.0,0.3142857142857143,0.25,1.0,1.0,0.34,0.92,1.08
whatsapp_nl,wa_M_038,627,1,0.99,0.5205047318611987,0.54,0.65,1.415,0.56,0.34,1.715
whatsapp_nl,wa_M_050,16,7,1.0,0.2222222222222222,0.27,0.99,1.01,0.35,0.87,1.13
whatsapp_nl,wa_M_018,28,1,1.0,0.5714285714285714,0.38,0.99,1.01,0.55,0.31,1.6900000000000002
whatsapp_nl,wa_M_031,68,2,0.99,0.2857142857142857,0.6,0.66,1.385,0.51,0.4,1.645
whatsapp_nl,wa_M_062,153,1,0.92,0.44594594594594594,0.64,0.57,1.5350000000000001,0.56,0.47,1.575
whatsapp_nl,wa_M_036,365,3,0.89,0.6120218579234973,0.66,0.42,2.185,0.65,0.26,2.045
whatsapp_nl,wa_M_012,39,3,0.99,0.85,0.52,0.89,1.155,0.81,0.13,2.415
whatsapp_nl,wa_M_005,62,3,1.0,0.4375,0.5,0.74,1.26,0.54,0.44,1.56
whatsapp_nl,wa_M_009,106,1,1.0,0.24,0.53,0.85,1.16,0.43,0.74,1.27
whatsapp_nl,wa_M_050,18,3,0.99,0.3,0.56,0.72,1.8499999999999999,0.5,0.62,1.675
whatsapp_nl,wa_M_054,33,2,1.0,0.6923076923076923,0.25,1.0,1.0,0.62,0.4,1.6
whatsapp_nl,wa_M_007,36,5,0.98,0.4444444444444444,0.59,0.64,1.4749999999999999,0.56,0.5,1.545
whatsapp_nl,wa_M_002,51,1,0.98,0.46153846153846156,0.64,0.38,1.6300000000000001,0.55,0.46,1.55
whatsapp_nl,wa_M_044,231,1,0.98,0.4690265486725664,0.56,0.79,1.2650000000000001,0.57,0.42,1.6849999999999998
whatsapp_nl,wa_M_053,439,1,0.99,0.3686635944700461,0.38,0.81,1.19,0.42,0.67,1.33
whatsapp_nl,wa_M_046,23,1,1.0,0.4166666666666667,0.29,1.0,1.0,0.45,0.71,1.29
whatsapp_nl,wa_M_026,118,1,0.97,0.12121212121212122,0.48,0.79,1.2449999999999999,0.3,0.89,1.11
whatsapp_nl,wa_M_026,139,1,1.0,0.10526315789473684,0.46,0.77,1.23,0.22,0.9,1.1
whatsapp_nl,wa_M_015,32,1,1.0,0.14285714285714285,0.22,1.0,1.0,0.2,0.95,1.05
whatsapp_nl,wa_M_011,26,1,1.0,0.46153846153846156,0.57,0.61,1.7999999999999998,0.54,0.38,1.9150000000000003
whatsapp_nl,wa_M_063,610,3,0.93,0.40764331210191085,0.54,0.72,1.72,0.58,0.44,2.265
whatsapp_nl,wa_M_056,86,1,0.98,0.6363636363636364,0.69,0.41,2.125,0.69,0.24,2.06
whatsapp_nl,wa_M_033,276,1,0.97,0.40441176470588236,0.48,0.77,1.265,0.47,0.68,1.33
whatsapp_nl,wa_M_040,26,1,1.0,0.07692307692307693,0.52,0.75,1.295,0.29,0.81,1.2
whatsapp_nl,wa_M_048,44,1,1.0,0.15,0.25,1.0,1.0,0.2,0.97,1.03
whatsapp_nl,wa_M_014,96,2,0.97,0.40425531914893614,0.44,0.71,1.3,0.49,0.55,1.4600000000000002
whatsapp_nl,wa_M_052,30,3,0.98,0.5333333333333333,0.46,0.79,1.2449999999999999,0.54,0.52,1.515
whatsapp_nl,wa_M_051,1190,2,0.98,0.17785234899328858,0.52,0.9,1.135,0.31,0.78,1.23
whatsapp_nl,wa_M_009,64,1,0.94,0.47058823529411764,0.48,0.86,1.1500000000000001,0.5,0.57,1.44
whatsapp_nl,wa_M_041,75,3,1.0,0.35135135135135137,0.42,0.96,1.04,0.46,0.77,1.24
whatsapp_nl,wa_M_043,243,1,0.92,0.5042735042735043,0.52,0.52,1.48,0.54,0.41,1.5899999999999999
whatsapp_nl,wa_M_052,7,4,0.99,0.6666666666666666,0.53,0.52,1.49,0.63,0.13,2.3449999999999998
whatsapp_nl,wa_M_063,581,1,0.98,0.4013377926421405,0.5,0.89,1.195,0.46,0.48,1.7399999999999998
whatsapp_nl,wa_M_050,5,1,1.0,0.5,0.38,0.83,1.18,0.47,0.58,1.42
whatsapp_nl,wa_M_044,222,2,0.91,0.504424778761062,0.73,0.36,2.8449999999999998,0.64,0.31,2.335
whatsapp_nl,wa_M_048,52,1,1.0,0.32142857142857145,0.37,0.94,1.06,0.38,0.83,1.17
whatsapp_nl,wa_M_012,3,3,0.9299999999999999,1.0,0.68,0.63,1.8699999999999999,0.79,0.08,4.074999999999999
whatsapp_nl,wa_M_009,62,1,0.86,0.48484848484848486,0.62,0.78,1.23,0.59,0.64,1.3699999999999999
whatsapp_nl,wa_M_048,18,4,1.0,0.2222222222222222,0.34,0.94,1.06,0.34,0.91,1.09
whatsapp_nl,wa_M_057,220,2,0.93,0.6608695652173913,0.6,0.48,1.685,0.68,0.08,2.185
whatsapp_nl,wa_M_001,39,1,0.99,0.35294117647058826,0.37,0.94,1.07,0.44,0.79,1.22
whatsapp_nl,wa_M_009,81,1,0.98,0.2631578947368421,0.55,0.78,1.2650000000000001,0.46,0.63,1.415
whatsapp_nl,wa_M_015,39,2,0.99,0.14285714285714285,0.27,0.99,1.01,0.26,0.95,1.05
whatsapp_nl,wa_M_021,93,4,0.99,0.58,0.65,0.35,1.92,0.63,0.18,1.9249999999999998
whatsapp_nl,wa_M_028,32,2,0.99,0.1875,0.31,0.94,1.06,0.27,0.88,1.12
whatsapp_nl,wa_M_010,235,1,0.98,0.3090909090909091,0.43,0.74,1.26,0.39,0.63,1.37
whatsapp_nl,wa_M_005,25,2,1.0,0.45454545454545453,0.48,0.78,1.23,0.53,0.44,1.57
whatsapp_nl,wa_M_009,91,1,1.0,0.23255813953488372,0.35,0.91,1.125,0.32,0.92,1.09
whatsapp_nl,wa_M_039,8,1,0.99,0.5,0.63,0.71,1.445,0.52,0.61,1.425
whatsapp_nl,wa_M_005,50,3,1.0,0.4230769230769231,0.52,0.55,1.4600000000000002,0.51,0.53,1.47
whatsapp_nl,wa_M_028,12,1,1.0,0.16666666666666666,0.2,0.99,1.01,0.24,0.96,1.04
whatsapp_nl,wa_M_019,127,4,0.98,0.746031746031746,0.62,0.4,1.645,0.73,0.17,1.97
whatsapp_nl,wa_M_043,235,4,1.0,0.5454545454545454,0.58,0.43,2.6950000000000003,0.56,0.4,1.96
whatsapp_nl,wa_M_031,69,2,0.97,0.45454545454545453,0.67,0.36,1.9,0.64,0.32,1.8500000000000003
whatsapp_nl,wa_M_050,25,2,1.0,0.18181818181818182,0.4,0.96,1.04,0.32,0.93,1.07
whatsapp_nl,wa_M_046,11,3,1.0,0.8,0.43,0.97,1.03,0.74,0.09,2.52
whatsapp_nl,wa_M_031,115,2,0.99,0.3793103448275862,0.31,0.99,1.01,0.42,0.86,1.1400000000000001
whatsapp_nl,wa_M_019,107,1,1.0,0.7547169811320755,0.35,0.98,1.03,0.74,0.25,2.2500000000000004
whatsapp_nl,wa_M_041,127,2,1.0,0.3770491803278688,0.26,1.0,1.0,0.39,0.9,1.1
whatsapp_nl,wa_M_039,13,4,0.99,0.8333333333333334,0.65,0.6,1.8449999999999998,0.79,0.11,3.03
whatsapp_nl,wa_M_025,8,1,0.91,0.3333333333333333,0.55,0.37,1.63,0.41,0.67,1.33
whatsapp_nl,wa_M_042,194,1,1.0,0.4421052631578947,0.36,0.9,1.1,0.47,0.69,1.32
whatsapp_nl,wa_M_008,1127,1,0.92,0.42517006802721086,0.56,0.78,1.2550000000000001,0.51,0.55,1.4600000000000002
whatsapp_nl,wa_M_002,17,1,1.0,0.375,0.58,0.5599999999999999,1.4849999999999999,0.53,0.47,1.54
whatsapp_nl,wa_M_034,85,2,0.99,0.5952380952380952,0.62,0.33,1.955,0.63,0.23,1.885
whatsapp_nl,wa_M_051,1188,1,0.97,0.1781512605042017,0.6,0.54,1.6150000000000002,0.37,0.46,1.575
whatsapp_nl,wa_M_003,6508,2,0.99,0.4152988541344069,0.44,0.96,1.04,0.48,0.61,1.4000000000000001
whatsapp_nl,wa_M_005,18,1,0.99,0.2,0.59,0.71,1.41,0.48,0.6799999999999999,1.3649999999999998
whatsapp_nl,wa_M_004,357,2,0.97,0.5786516853932584,0.55,0.71,1.335,0.6,0.35,1.6949999999999998
whatsapp_nl,wa_M_032,47,1,1.0,0.2608695652173913,0.39,0.95,1.05,0.34,0.86,1.1400000000000001
whatsapp_nl,wa_M_018,2,2,1.0,1.0,0.49,0.66,1.35,0.68,0.07,1.9300000000000002
whatsapp_nl,wa_M_002,10,2,1.0,0.2,0.57,0.66,1.525,0.51,0.54,1.5350000000000001
whatsapp_nl,wa_M_021,71,1,1.0,0.25,0.41,0.91,1.09,0.4,0.76,1.24
whatsapp_nl,wa_M_041,101,1,1.0,0.3137254901960784,0.36,0.96,1.04,0.35,0.86,1.1400000000000001
whatsapp_nl,wa_M_055,24,2,0.99,0.7,0.64,0.57,1.82,0.69,0.26,2.0700000000000003
whatsapp_nl,wa_M_032,7,1,0.98,0.3333333333333333,0.55,0.85,1.1949999999999998,0.4,0.76,1.25
whatsapp_nl,wa_M_055,40,3,0.95,0.7222222222222222,0.6,0.65,1.405,0.69,0.2,1.8649999999999998
whatsapp_nl,wa_M_047,48,2,0.73,0.391304347826087,0.79,0.35,2.405,0.64,0.38,2.075
whatsapp_nl,wa_M_017,42,1,1.0,0.4090909090909091,0.24,0.99,1.01,0.44,0.87,1.13
whatsapp_nl,wa_M_047,55,4,0.96,0.42857142857142855,0.52,0.83,1.25,0.56,0.52,1.64
whatsapp_nl,wa_M_018,24,1,0.98,0.5833333333333334,0.61,0.61,1.8399999999999999,0.58,0.3,2.11
whatsapp_nl,wa_M_041,96,2,1.0,0.3541666666666667,0.46,0.93,1.07,0.46,0.82,1.18
whatsapp_nl,wa_M_034,54,1,0.98,0.5769230769230769,0.39,0.91,1.1,0.55,0.6,1.4349999999999998
whatsapp_nl,wa_M_051,1143,2,0.98,0.5228070175438596,0.52,0.59,1.655,0.55,0.47000000000000003,1.6749999999999998
whatsapp_nl,wa_M_029,18,1,1.0,0.3333333333333333,0.42,0.9,1.1,0.43,0.69,1.31
whatsapp_nl,wa_M_055,39,1,0.97,0.5714285714285714,0.54,0.56,1.5150000000000001,0.59,0.22,1.825
whatsapp_nl,wa_M_043,215,1,0.99,0.49038461538461536,0.54,0.56,1.45,0.54,0.46,1.55
whatsapp_nl,wa_M_039,29,4,1.0,0.8571428571428571,0.79,0.18,3.3350000000000004,0.81,0.03,4.19
whatsapp_nl,wa_M_002,31,2,0.99,0.3333333333333333,0.39,0.97,1.03,0.49,0.59,1.4200000000000002
whatsapp_nl,wa_M_063,563,1,1.0,0.375,0.47,0.79,1.22,0.45,0.62,1.39
whatsapp_nl,wa_M_039,53,1,0.99,0.2222222222222222,0.43,0.94,1.095,0.37,0.9,1.11
whatsapp_nl,wa_M_026,115,2,1.0,0.42,0.49,0.77,1.24,0.53,0.51,1.5
whatsapp_nl,wa_M_012,23,2,1.0,0.45454545454545453,0.44,0.84,1.17,0.5,0.62,1.39
whatsapp_nl,wa_M_051,1195,2,1.0,0.5184563758389261,0.49,0.8099999999999999,1.2,0.54,0.45,1.56
whatsapp_nl,wa_M_051,1197,2,1.0,0.5192629815745393,0.61,0.47,1.575,0.55,0.21,1.8
whatsapp_nl,wa_M_050,23,1,1.0,0.2,0.33,0.98,1.02,0.31,0.94,1.06
whatsapp_nl,wa_M_057,264,2,0.99,0.6861313868613139,0.65,0.37,1.7,0.65,0.14,1.9049999999999998
whatsapp_nl,wa_M_040,15,1,1.0,0.125,0.3,0.99,1.01,0.24,0.94,1.06
whatsapp_nl,wa_M_026,133,2,1.0,0.4666666666666667,0.38,0.93,1.07,0.49,0.71,1.325
whatsapp_nl,wa_M_012,38,4,1.0,0.5,0.29,0.99,1.01,0.52,0.58,1.43
whatsapp_nl,wa_M_011,56,3,0.99,0.5357142857142857,0.43,0.91,1.1,0.52,0.62,1.4
whatsapp_nl,wa_M_027,608,1,1.0,0.36538461538461536,0.44,0.84,1.16,0.38,0.75,1.25
whatsapp_nl,wa_M_006,51,2,1.0,0.625,0.55,0.9,1.23,0.6,0.25,1.785
whatsapp_nl,wa_M_003,6500,4,0.98,0.6521075137446548,0.42,0.9,1.135,0.62,0.51,1.5550000000000002
whatsapp_nl,wa_M_019,124,2,0.99,0.6451612903225806,0.56,0.88,1.1900000000000002,0.66,0.29,1.905
whatsapp_nl,wa_M_038,632,3,1.0,0.2564102564102564,0.38,0.96,1.04,0.39,0.88,1.12
whatsapp_nl,wa_M_048,28,1,1.0,0.15384615384615385,0.36,0.95,1.05,0.25,0.92,1.08
whatsapp_nl,wa_M_051,1185,1,0.98,0.5211505922165821,0.45,0.9,1.11,0.54,0.4,1.635
whatsapp_nl,wa_M_034,62,3,0.98,0.5666666666666667,0.54,0.83,1.2149999999999999,0.6,0.45,1.6149999999999998
whatsapp_nl,wa_M_044,226,1,0.98,0.5130434782608696,0.6,0.62,1.4949999999999999,0.56,0.47,1.61
whatsapp_nl,wa_M_014,116,1,0.99,0.42105263157894735,0.48,0.87,1.175,0.5,0.68,1.365
whatsapp_nl,wa_M_040,10,1,0.99,0.0,0.37,0.91,1.1,0.22,0.99,1.01
whatsapp_nl,wa_M_012,46,1,0.92,0.5454545454545454,0.62,0.43,1.8250000000000002,0.6,0.29,1.9949999999999999
whatsapp_nl,wa_M_062,204,3,1.0,0.5047619047619047,0.52,0.84,1.195,0.57,0.35,1.6849999999999998
whatsapp_nl,wa_M_039,28,3,1.0,0.21428571428571427,0.45,0.93,1.085,0.36,0.87,1.165
whatsapp_nl,wa_M_004,378,1,1.0,0.5631578947368421,0.32,0.99,1.01,0.56,0.17,1.8299999999999998
whatsapp_nl,wa_M_062,206,3,0.94,0.5094339622641509,0.61,0.41,1.9000000000000001,0.61,0.26,1.975
whatsapp_nl,wa_M_008,1120,1,1.0,0.31588785046728973,0.51,0.7,1.2999999999999998,0.42,0.42,1.5899999999999999
whatsapp_nl,wa_M_054,34,2,1.0,0.35,0.44,0.88,1.12,0.42,0.74,1.26
whatsapp_nl,wa_M_024,513,1,0.94,0.5862068965517241,0.64,0.39,1.6449999999999998,0.64,0.17,1.82
whatsapp_nl,wa_M_011,57,1,0.96,0.2857142857142857,0.48,0.79,1.3100000000000003,0.46,0.82,1.2249999999999999
whatsapp_nl,wa_M_010,219,2,0.99,0.30097087378640774,0.35,0.97,1.03,0.39,0.9,1.1
whatsapp_nl,wa_M_005,31,2,1.0,0.1875,0.25,1.0,1.0,0.26,0.95,1.06
whatsapp_nl,wa_M_006,54,1,0.99,0.5714285714285714,0.58,0.83,1.2750000000000001,0.6,0.42,1.7499999999999998
whatsapp_nl,wa_M_011,69,1,1.0,0.5714285714285714,0.31,0.99,1.01,0.56,0.16,1.8399999999999999
whatsapp_nl,wa_M_003,6516,1,0.92,0.4157129600989793,0.64,0.52,1.585,0.56,0.32,1.725
whatsapp_nl,wa_M_022,139,1,1.0,0.3275862068965517,0.27,1.0,1.0,0.37,0.91,1.09
whatsapp_nl,wa_M_020,357,1,1.0,0.44505494505494503,0.3,0.99,1.01,0.49,0.74,1.26
whatsapp_nl,wa_M_001,40,2,0.99,0.18181818181818182,0.44,0.91,1.1,0.35,0.87,1.14
whatsapp_nl,wa_M_029,52,2,1.0,0.48,0.4,0.96,1.04,0.51,0.5,1.51
whatsapp_nl,wa_M_041,89,1,0.98,0.36363636363636365,0.45,0.75,1.26,0.46,0.64,1.3699999999999999
whatsapp_nl,wa_M_063,609,4,0.95,0.37966101694915255,0.61,0.75,1.3699999999999999,0.53,0.62,1.5
whatsapp_nl,wa_M_038,642,1,0.98,0.2618296529968454,0.68,0.54,1.54,0.54,0.45,1.595
whatsapp_nl,wa_M_056,111,2,0.88,0.4444444444444444,0.56,0.67,1.365,0.52,0.43,1.58
whatsapp_nl,wa_M_054,40,2,1.0,0.5882352941176471,0.28,1.0,1.0,0.57,0.46,1.54
whatsapp_nl,wa_M_004,391,1,0.96,0.5773195876288659,0.58,0.52,1.5649999999999997,0.63,0.24,1.9100000000000001
whatsapp_nl,wa_M_034,57,1,0.99,0.5172413793103449,0.54,0.89,1.1900000000000002,0.57,0.57,1.525
whatsapp_nl,wa_M_032,36,2,0.99,0.2222222222222222,0.39,0.91,1.145,0.37,0.87,1.175
whatsapp_nl,wa_M_016,248,3,0.85,0.628099173553719,0.76,0.16,2.3600000000000003,0.72,0.07,2.495
whatsapp_nl,wa_M_051,1196,1,1.0,0.18030050083472454,0.62,0.42,1.615,0.38,0.5,1.51
whatsapp_nl,wa_M_055,15,4,0.89,0.6666666666666666,0.66,0.45,1.6800000000000002,0.65,0.23,1.825
whatsapp_nl,wa_M_028,40,1,1.0,0.3888888888888889,0.51,0.88,1.2750000000000001,0.45,0.74,1.27
whatsapp_nl,wa_M_047,52,1,0.95,0.44,0.66,0.57,1.585,0.59,0.45,1.6149999999999998
whatsapp_nl,wa_M_009,80,2,0.99,0.47619047619047616,0.63,0.66,1.3850000000000002,0.58,0.43,1.6349999999999998
whatsapp_nl,wa_M_012,50,1,0.99,0.5416666666666666,0.57,0.7,1.345,0.57,0.45,1.595
whatsapp_nl,wa_M_015,35,1,0.99,0.15789473684210525,0.51,0.73,1.28,0.35,0.81,1.19
whatsapp_nl,wa_M_026,117,1,0.71,0.43137254901960786,0.55,0.54,1.47,0.56,0.4,1.61
whatsapp_nl,wa_M_015,71,3,0.99,0.3684210526315789,0.64,0.53,2.14,0.52,0.59,1.645
whatsapp_nl,wa_M_053,477,1,1.0,0.38396624472573837,0.57,0.5599999999999999,1.45,0.49,0.46,1.55
whatsapp_nl,wa_M_056,88,2,0.98,0.6222222222222222,0.63,0.82,1.305,0.63,0.45,1.6900000000000002
whatsapp_nl,wa_M_026,98,1,1.0,0.10909090909090909,0.45,0.86,1.1400000000000001,0.27,0.9,1.1
whatsapp_nl,wa_M_001,24,1,1.0,0.15384615384615385,0.32,0.97,1.03,0.26,0.96,1.04
whatsapp_nl,wa_M_006,33,1,1.0,0.5294117647058824,0.53,0.73,1.305,0.57,0.23,1.78
whatsapp_nl,wa_M_055,17,2,0.98,0.7142857142857143,0.54,0.72,1.3900000000000001,0.66,0.13,1.8800000000000001
whatsapp_nl,wa_M_014,114,1,0.98,0.42857142857142855,0.61,0.68,1.3750000000000002,0.56,0.45,1.6149999999999998
whatsapp_nl,wa_M_009,104,1,0.99,0.24489795918367346,0.64,0.65,1.5000000000000002,0.43,0.67,1.375
whatsapp_nl,wa_M_063,562,2,1.0,0.39655172413793105,0.59,0.46,1.55,0.48,0.28,1.73
whatsapp_nl,wa_M_002,28,1,0.92,0.5,0.57,0.58,1.4649999999999999,0.56,0.35,1.66
whatsapp_nl,wa_M_042,205,1,0.98,0.44554455445544555,0.51,0.81,1.235,0.54,0.63,1.425
whatsapp_nl,wa_M_012,49,1,0.98,0.84,0.63,0.69,1.355,0.79,0.26,2.0549999999999997
whatsapp_nl,wa_M_006,36,4,0.98,0.5294117647058824,0.45,0.72,1.315,0.59,0.54,1.4949999999999999
whatsapp_nl,wa_M_022,158,1,0.96,0.3516483516483517,0.44,0.83,1.17,0.42,0.69,1.32
whatsapp_nl,wa_M_053,492,2,1.0,0.4979757085020243,0.52,0.83,1.23,0.53,0.38,1.6300000000000001
whatsapp_nl,wa_M_031,83,7,0.97,0.475,0.53,0.7,1.355,0.57,0.43,1.615
whatsapp_nl,wa_M_034,43,1,0.99,0.5714285714285714,0.6,0.57,1.5200000000000002,0.59,0.22,1.8
whatsapp_nl,wa_M_009,66,2,0.91,0.45714285714285713,0.6,0.77,1.265,0.57,0.6,1.41
whatsapp_nl,wa_M_037,7,3,1.0,0.0,0.28,1.0,1.0,0.2,0.99,1.01
whatsapp_nl,wa_M_024,504,3,0.97,0.5263157894736842,0.59,0.73,1.35,0.57,0.42,1.625
whatsapp_nl,wa_M_006,27,2,0.99,0.5,0.48,0.89,1.12,0.56,0.48,1.53
whatsapp_nl,wa_M_004,366,1,0.93,0.5706521739130435,0.57,0.68,1.33,0.59,0.32,1.6900000000000002
whatsapp_nl,wa_M_057,243,2,1.0,0.3793103448275862,0.63,0.65,1.5550000000000002,0.56,0.49,1.665
whatsapp_nl,wa_M_053,472,3,1.0,0.4978902953586498,0.36,0.97,1.03,0.54,0.43,1.58
whatsapp_nl,wa_M_010,238,1,1.0,0.29365079365079366,0.37,0.86,1.1400000000000001,0.37,0.77,1.23
whatsapp_nl,wa_M_056,116,1,0.86,0.6271186440677966,0.62,0.51,1.5350000000000001,0.65,0.13,1.8800000000000001
whatsapp_nl,wa_M_004,370,5,0.9400000000000001,0.5645161290322581,0.55,0.77,1.265,0.59,0.37,1.6649999999999998
whatsapp_nl,wa_M_062,197,3,0.92,0.4421052631578947,0.54,0.86,1.2100000000000002,0.56,0.6,1.515
whatsapp_nl,wa_M_062,165,1,0.89,0.425,0.58,0.7,1.685,0.56,0.63,1.525
whatsapp_nl,wa_M_014,99,2,0.99,0.6,0.54,0.72,1.29,0.57,0.46,1.55
whatsapp_nl,wa_M_001,5,1,1.0,0.0,0.35,0.99,1.01,0.21,1.0,1.0
whatsapp_nl,wa_M_044,255,1,1.0,0.46825396825396826,0.49,0.83,1.21,0.5,0.59,1.4300000000000002
whatsapp_nl,wa_M_026,110,1,1.0,0.11290322580645161,0.3,0.98,1.02,0.22,0.96,1.04
whatsapp_nl,wa_M_057,266,2,1.0,0.6884057971014492,0.49,0.79,1.255,0.67,0.2,1.83
whatsapp_nl,wa_M_056,118,2,1.0,0.6166666666666667,0.53,0.76,1.275,0.62,0.27,1.775
whatsapp_nl,wa_M_004,358,1,0.98,0.5698324022346368,0.53,0.9,1.145,0.61,0.48,1.575
whatsapp_nl,wa_M_062,167,1,1.0,0.41975308641975306,0.34,0.9400000000000001,1.06,0.53,0.76,1.25
whatsapp_nl,wa_M_057,237,6,0.97,0.37168141592920356,0.64,0.68,1.51,0.54,0.54,1.58
whatsapp_nl,wa_M_056,114,1,0.88,0.6379310344827587,0.65,0.51,1.525,0.65,0.14,1.8699999999999999
whatsapp_nl,wa_M_033,239,2,0.99,0.6198347107438017,0.38,0.94,1.06,0.58,0.46,1.55
whatsapp_nl,wa_M_020,377,1,0.99,0.43005181347150256,0.49,0.86,1.1400000000000001,0.5,0.58,1.42
whatsapp_nl,wa_M_043,257,2,0.97,0.5,0.58,0.64,1.4749999999999999,0.57,0.5,1.545
whatsapp_nl,wa_M_016,278,1,0.99,0.6338028169014085,0.5,0.74,1.27,0.64,0.19,1.82
whatsapp_nl,wa_M_063,579,5,0.92,0.39932885906040266,0.49,0.64,1.405,0.47,0.53,1.47
whatsapp_nl,wa_M_062,205,2,0.99,0.46464646464646464,0.54,0.85,1.2149999999999999,0.56,0.72,1.335
whatsapp_nl,wa_M_038,629,1,0.99,0.5188679245283019,0.52,0.85,1.1949999999999998,0.56,0.44,1.605
whatsapp_nl,wa_M_005,44,1,0.95,0.45454545454545453,0.64,0.62,1.6600000000000001,0.55,0.41,1.765
whatsapp_nl,wa_M_036,360,1,1.0,0.6312849162011173,0.58,0.54,1.5650000000000002,0.63,0.19,1.845
whatsapp_nl,wa_M_042,163,1,1.0,0.5365853658536586,0.53,0.79,1.22,0.58,0.24,1.76
whatsapp_nl,wa_M_063,569,1,0.97,0.37454545454545457,0.56,0.63,1.415,0.49,0.51,1.5
