corpus,conv_id,idx,cont,p_code,p_jev_cont
maichat,conv066,23,0,0.32680427612818513,0.20999999999999996
maichat,conv042,16,0,0.2871519454881579,0.4
maichat,conv068,38,1,0.3622505339469622,0.24
maichat,conv072,0,0,0.32680427612818513,0.29000000000000004
maichat,conv033,90,1,0.21696991031744886,0.18999999999999995
maichat,conv078,31,1,0.251434011417873,0.18999999999999995
maichat,conv002,44,0,0.5480766082972559,0.20999999999999996
maichat,conv031,100,1,0.4154944739601285,0.36
maichat,conv075,12,0,0.2519935379770518,0.24
maichat,conv083,61,0,0.23112187948703147,0.24
maichat,conv086,19,0,0.23567414804695005,0.22999999999999998
maichat,conv032,82,1,0.43221022533398323,0.19999999999999996
maichat,conv042,94,1,0.3278520753307968,0.27
maichat,conv095,12,0,0.24139260447128116,0.26
maichat,conv082,2,1,0.28174848248942924,0.21999999999999997
maichat,conv004,55,1,0.2559620105312721,0.30000000000000004
maichat,conv023,18,0,0.2327986856808375,0.25
maichat,conv032,53,1,0.3849417338663117,0.71
maichat,conv086,30,0,0.258625165356488,0.21999999999999997
maichat,conv008,56,0,0.22359541484161805,0.26
maichat,conv027,66,1,0.4465475175669906,0.54
maichat,conv090,75,0,0.23974887226115513,0.25
maichat,conv031,128,0,0.33759305574044995,0.36
maichat,conv075,51,1,0.2543548037954134,0.6799999999999999
maichat,conv022,5,1,0.2596646643560335,0.22999999999999998
maichat,conv008,19,0,0.3164676557938667,0.17000000000000004
maichat,conv045,11,1,0.43164863052142116,0.31999999999999995
maichat,conv082,73,0,0.33378923282930884,0.22999999999999998
maichat,conv007,63,0,0.33763384013617836,0.38
maichat,conv022,75,0,0.22857230431015232,0.10999999999999999
maichat,conv075,36,0,0.2704663885965715,0.24
maichat,conv004,20,1,0.2512131875552575,0.26
maichat,conv049,52,0,0.35289999915822257,0.24
maichat,conv086,0,0,0.23203872692311545,0.18999999999999995
maichat,conv070,22,0,0.2661198897916872,0.25
maichat,conv025,28,0,0.24531356721643646,0.31999999999999995
maichat,conv093,48,0,0.27637545821375675,0.26
maichat,conv075,37,0,0.5862495965407875,0.39
maichat,conv001,15,1,0.23300872192348993,0.26
maichat,conv081,36,0,0.23203487851792087,0.27
maichat,conv033,31,0,0.22170466498475286,0.27
maichat,conv063,15,0,0.2332150547150721,0.25
maichat,conv032,92,0,0.2643972233091016,0.29000000000000004
maichat,conv022,41,1,0.1878351586080857,0.19999999999999996
maichat,conv086,64,0,0.22431153804138543,0.28
maichat,conv049,74,0,0.34599551191698663,0.29000000000000004
maichat,conv084,41,0,0.23006937290933316,0.25
maichat,conv049,51,0,0.47186153644767315,0.20999999999999996
maichat,conv006,59,0,0.4144101667042656,0.31999999999999995
maichat,conv031,102,1,0.2681646561504383,0.19999999999999996
maichat,conv063,56,0,0.22884416494351115,0.18000000000000005
maichat,conv068,23,0,0.21454475248652288,0.18000000000000005
maichat,conv092,3,0,0.37721499375766276,0.45999999999999996
maichat,conv091,55,0,0.36650589086021934,0.24
maichat,conv027,15,0,0.4569201946896601,0.20999999999999996
maichat,conv032,77,0,0.3759827153594179,0.25
maichat,conv023,167,1,0.3519632042367821,0.27
maichat,conv007,20,0,0.4307319199987244,0.29000000000000004
maichat,conv018,54,1,0.372422868332887,0.36
maichat,conv089,70,0,0.216543269881466,0.19999999999999996
maichat,conv019,81,1,0.4012035145289117,0.30000000000000004
maichat,conv068,18,0,0.31008387525207326,0.78
maichat,conv066,45,0,0.24122129844266488,0.33999999999999997
maichat,conv018,28,0,0.34510977973956125,0.43000000000000005
maichat,conv023,79,0,0.2402712609795882,0.26
maichat,conv079,54,0,0.3446722856794506,0.26
maichat,conv002,62,0,0.3792978911853204,0.22999999999999998
maichat,conv042,43,1,0.3164608963546946,0.25
maichat,conv081,14,0,0.3738777278524775,0.28
maichat,conv006,110,1,0.25707112155697087,0.38
maichat,conv082,54,0,0.262847200344773,0.26
maichat,conv086,38,1,0.3406817604258542,0.30000000000000004
maichat,conv086,45,1,0.2484741088372855,0.20999999999999996
maichat,conv088,51,0,0.25267347705268767,0.21999999999999997
maichat,conv082,44,1,0.59426054836409,0.39
maichat,conv042,40,0,0.29220953988803483,0.25
maichat,conv027,2,0,0.26456657521862004,0.20999999999999996
maichat,conv084,43,0,0.38657166997563275,0.25
maichat,conv086,5,0,0.27418609300182506,0.24
maichat,conv042,6,0,0.3598205834689376,0.25
maichat,conv093,40,1,0.23763212676959022,0.26
maichat,conv019,145,1,0.3759827153594179,0.28
maichat,conv042,34,0,0.3648503044978543,0.35
maichat,conv070,11,0,0.24769814899361406,0.19999999999999996
maichat,conv081,57,0,0.2771471365820805,0.28
maichat,conv023,150,1,0.31007266620170776,0.31000000000000005
maichat,conv020,82,0,0.41375984455512616,0.63
maichat,conv025,56,1,0.2443738576365715,0.43000000000000005
maichat,conv003,53,0,0.5126434447259705,0.16000000000000003
maichat,conv006,74,1,0.23403767426145927,0.21999999999999997
maichat,conv031,74,0,0.3225855242918826,0.22999999999999998
maichat,conv006,154,0,0.26757300077075885,0.25
maichat,conv084,4,0,0.23006937290933316,0.36
maichat,conv084,29,0,0.2543548037954134,0.30000000000000004
maichat,conv081,49,0,0.2469629866418024,0.31999999999999995
maichat,conv091,65,0,0.2566246668933474,0.32999999999999996
maichat,conv066,24,0,0.22744473841904045,0.30000000000000004
maichat,conv008,16,1,0.2565951955617921,0.52
maichat,conv070,14,0,0.216543269881466,0.25
maichat,conv070,69,0,0.22782049474541258,0.22999999999999998
maichat,conv008,65,0,0.3718579775094975,0.4
maichat,conv081,24,0,0.22850869344823396,0.20999999999999996
maichat,conv068,53,0,0.24311948535393035,0.21999999999999997
maichat,conv091,28,0,0.23848387022498865,0.22999999999999998
maichat,conv008,106,0,0.20147501059619385,0.17000000000000004
maichat,conv079,40,0,0.24083762329983266,0.18999999999999995
maichat,conv032,72,0,0.25283341938936615,0.24
maichat,conv033,85,0,0.22421928406924627,0.27
maichat,conv023,198,0,0.23203487851792087,0.31000000000000005
maichat,conv004,17,1,0.3332118458984052,0.27
maichat,conv063,31,0,0.3776768138663834,0.20999999999999996
maichat,conv032,41,0,0.2478428708087885,0.35
maichat,conv032,24,0,0.29070845284164587,0.18000000000000005
maichat,conv088,48,0,0.2759452287744055,0.31000000000000005
maichat,conv033,45,1,0.3487665693527215,0.5
maichat,conv008,114,0,0.2834101342831387,0.31000000000000005
maichat,conv090,63,0,0.22530388504502624,0.29000000000000004
maichat,conv004,80,0,0.26466877913613035,0.28
maichat,conv002,1,1,0.45559817400118735,0.31000000000000005
maichat,conv019,70,0,0.23860221451795524,0.29000000000000004
maichat,conv033,58,0,0.28458617270989534,0.39
maichat,conv023,107,0,0.3730947427882966,0.31000000000000005
maichat,conv042,10,0,0.4195859855266846,0.20999999999999996
maichat,conv002,39,0,0.39410453373882715,0.24
maichat,conv008,89,0,0.27879953080177744,0.27
maichat,conv089,55,0,0.28427819011176386,0.19999999999999996
maichat,conv065,23,0,0.24089615941853826,0.20999999999999996
maichat,conv031,177,1,0.29173387780749005,0.45999999999999996
maichat,conv049,32,0,0.41648280619899697,0.22999999999999998
maichat,conv033,50,1,0.4657037194392495,0.20999999999999996
maichat,conv003,74,0,0.4144388195466009,0.26
maichat,conv008,9,0,0.22727955505395858,0.13
maichat,conv033,19,1,0.35706733476455244,0.31999999999999995
maichat,conv008,17,0,0.34698735190727575,0.25
maichat,conv092,49,0,0.5046357150509173,0.30000000000000004
maichat,conv019,125,0,0.19681909724279095,0.26
maichat,conv095,16,1,0.33759305574044995,0.39
maichat,conv082,36,0,0.2871519454881579,0.21999999999999997
maichat,conv091,52,0,0.2595087033670999,0.27
maichat,conv042,132,0,0.512323732065672,0.30000000000000004
maichat,conv018,47,0,0.4068729361115002,0.24
maichat,conv007,88,1,0.4530938788302089,0.28
maichat,conv032,37,1,0.22530388504502624,0.27
maichat,conv006,2,0,0.2696270913348934,0.30000000000000004
maichat,conv083,3,1,0.38789344246867025,0.24
maichat,conv049,23,1,0.37498284065296394,0.14
maichat,conv027,13,0,0.29169500956065786,0.21999999999999997
maichat,conv007,16,1,0.38276280056784373,0.20999999999999996
maichat,conv033,24,1,0.4697230583147338,0.47
maichat,conv079,27,0,0.26202850708447,0.30000000000000004
maichat,conv002,4,0,0.38459133272344764,0.18000000000000005
maichat,conv081,35,0,0.26295355278253396,0.22999999999999998
maichat,conv063,45,0,0.2555562846994055,0.20999999999999996
maichat,conv091,2,0,0.2581813918550417,0.25
maichat,conv032,109,1,0.20533147232354224,0.43999999999999995
maichat,conv063,6,0,0.23662222521244952,0.20999999999999996
maichat,conv092,53,0,0.22782049474541258,0.26
maichat,conv004,7,1,0.3851670126723683,0.4
maichat,conv018,9,0,0.2711877686832147,0.32999999999999996
maichat,conv066,48,0,0.2349569696176395,0.20999999999999996
maichat,conv022,36,0,0.23403767426145927,0.21999999999999997
maichat,conv006,34,0,0.258388934614171,0.31999999999999995
maichat,conv084,49,0,0.2519935379770518,0.27
maichat,conv086,2,0,0.35525930599185096,0.19999999999999996
maichat,conv042,51,0,0.28521122299485724,0.45999999999999996
maichat,conv045,105,0,0.4049348032079395,0.22999999999999998
maichat,conv063,28,0,0.34391996236646694,0.18000000000000005
maichat,conv018,2,1,0.25701208773021955,0.28
maichat,conv006,19,0,0.41789986526260775,0.27
maichat,conv006,147,0,0.2663175428590782,0.19999999999999996
maichat,conv082,79,0,0.39303790075728856,0.26
maichat,conv020,5,0,0.22622289379183994,0.18000000000000005
maichat,conv025,91,1,0.251434011417873,0.16000000000000003
maichat,conv092,16,0,0.24524582835181657,0.18000000000000005
maichat,conv065,4,1,0.34624159649828384,0.27
maichat,conv092,52,0,0.38276280056784373,0.27
maichat,conv007,69,0,0.38276280056784373,0.24
maichat,conv063,63,0,0.3505379330300989,0.28
maichat,conv078,19,0,0.27693858969776936,0.19999999999999996
maichat,conv023,213,1,0.28437388839220745,0.25
maichat,conv019,121,0,0.3776768138663834,0.25
maichat,conv042,93,0,0.2470185199947361,0.27
maichat,conv082,58,0,0.2553482912007791,0.36
maichat,conv054,14,0,0.22570471402722134,0.16000000000000003
maichat,conv078,2,0,0.27693858969776936,0.29000000000000004
maichat,conv042,27,0,0.5220783176731696,0.26
maichat,conv054,60,1,0.3254798911049516,0.37
maichat,conv031,217,0,0.2862346784594856,0.18999999999999995
maichat,conv008,84,1,0.23719605728343476,0.31999999999999995
maichat,conv031,83,1,0.31353447000164925,0.51
maichat,conv008,31,0,0.24690325908562344,0.26
maichat,conv006,54,0,0.30000284373838776,0.42000000000000004
maichat,conv002,70,0,0.3893254652545231,0.20999999999999996
maichat,conv081,65,0,0.3377336764616687,0.29000000000000004
maichat,conv022,51,0,0.4369769109357618,0.24
maichat,conv007,195,0,0.2643318842244349,0.33999999999999997
maichat,conv019,18,1,0.280742358411716,0.15000000000000002
maichat,conv031,181,0,0.33804202971858927,0.27
maichat,conv042,52,0,0.43491563280569046,0.35
maichat,conv045,63,1,0.3639446263372021,0.18999999999999995
maichat,conv020,44,0,0.3829277121139547,0.17000000000000004
maichat,conv019,84,1,0.2818527166018785,0.26
maichat,conv018,45,1,0.4803640338741651,0.26
maichat,conv002,17,1,0.5831824019710727,0.42000000000000004
maichat,conv093,24,0,0.2739107007081329,0.22999999999999998
maichat,conv095,21,0,0.251434011417873,0.21999999999999997
maichat,conv079,58,0,0.2569700666902079,0.22999999999999998
maichat,conv083,53,0,0.22782049474541258,0.25
maichat,conv027,12,1,0.6626527019687308,0.25
maichat,conv031,230,0,0.2800363421670112,0.31999999999999995
maichat,conv093,28,0,0.26243519042253194,0.44999999999999996
maichat,conv018,83,0,0.4240363147705918,0.24
maichat,conv054,57,1,0.41182034722546346,0.24
maichat,conv075,35,0,0.38052216730926386,0.20999999999999996
maichat,conv002,77,0,0.4226443020449193,0.18000000000000005
maichat,conv095,61,0,0.31008387525207326,0.22999999999999998
maichat,conv066,42,0,0.23638847460170742,0.18000000000000005
maichat,conv079,43,0,0.23338134443278355,0.19999999999999996
maichat,conv019,123,0,0.34700255566441846,0.27
maichat,conv042,187,1,0.39900539182254513,0.37
maichat,conv004,34,1,0.2508924438183382,0.35
maichat,conv031,54,0,0.2767026878300451,0.29000000000000004
maichat,conv003,30,1,0.31008387525207326,0.7
maichat,conv006,13,0,0.2349569696176395,0.28
maichat,conv032,79,0,0.2557082238054203,0.20999999999999996
maichat,conv049,45,0,0.3692399811612166,0.25
maichat,conv003,58,1,0.28122289022264385,0.38
maichat,conv070,93,0,0.258625165356488,0.17000000000000004
maichat,conv020,68,1,0.42262204389631325,0.28
maichat,conv007,91,0,0.2761619530853144,0.25
maichat,conv093,0,0,0.1962264522367295,0.18000000000000005
maichat,conv003,11,0,0.4696429011168199,0.20999999999999996
maichat,conv019,115,0,0.2877242151991947,0.27
maichat,conv081,12,0,0.26295355278253396,0.33999999999999997
maichat,conv079,48,0,0.27238622845797056,0.32999999999999996
maichat,conv086,28,1,0.3571925658423981,0.30000000000000004
maichat,conv008,32,0,0.26248925558458835,0.25
maichat,conv054,49,0,0.30198986205806116,0.18000000000000005
maichat,conv033,41,1,0.20577819934956432,0.73
maichat,conv095,48,1,0.3265185511487888,0.24
maichat,conv070,53,0,0.3711748136629353,0.31000000000000005
maichat,conv032,88,1,0.25454245705832557,0.39
maichat,conv086,27,0,0.2711184229094081,0.20999999999999996
maichat,conv090,85,0,0.24122129844266488,0.18000000000000005
maichat,conv019,110,1,0.2677716233560422,0.26
maichat,conv006,36,0,0.30993445449406315,0.22999999999999998
maichat,conv045,38,0,0.4775481853656687,0.19999999999999996
maichat,conv089,16,1,0.2544934593334831,0.21999999999999997
maichat,conv019,48,0,0.27426281055332036,0.22999999999999998
maichat,conv070,92,0,0.2565951955617921,0.19999999999999996
whatsapp_nl,wa_M_021,196,1,0.2742784587181296,0.39
whatsapp_nl,wa_M_026,960,0,0.5276106106800914,0.25
whatsapp_nl,wa_M_003,62,0,0.25812449499573664,0.21999999999999997
whatsapp_nl,wa_M_019,915,0,0.42209834740105145,0.19999999999999996
whatsapp_nl,wa_M_003,12248,0,0.28241773936227677,0.18999999999999995
whatsapp_nl,wa_M_057,147,1,0.6309342724042076,0.28
whatsapp_nl,wa_M_003,5182,1,0.4951399996732728,0.25
whatsapp_nl,wa_M_003,989,1,0.5790094984404568,0.25
whatsapp_nl,wa_M_003,2755,0,0.47426487274392076,0.31000000000000005
whatsapp_nl,wa_M_019,1130,1,0.45816755157702627,0.22999999999999998
whatsapp_nl,wa_M_033,1546,1,0.5344287576620484,0.29000000000000004
whatsapp_nl,wa_M_005,181,1,0.43420332111276666,0.27
whatsapp_nl,wa_M_051,2625,1,0.48728145333324924,0.43999999999999995
whatsapp_nl,wa_M_003,1097,1,0.577130682280144,0.43999999999999995
whatsapp_nl,wa_M_003,6349,0,0.47768979175041254,0.31999999999999995
whatsapp_nl,wa_M_019,2833,1,0.42901353564082934,0.32999999999999996
whatsapp_nl,wa_M_003,15049,1,0.47624900803905756,0.19999999999999996
whatsapp_nl,wa_M_003,13314,1,0.5833992196869136,0.22999999999999998
whatsapp_nl,wa_M_008,11,1,0.5485498560973533,0.56
whatsapp_nl,wa_M_044,4079,1,0.2561931757067636,0.24
whatsapp_nl,wa_M_036,956,0,0.624511689550378,0.30000000000000004
whatsapp_nl,wa_M_024,590,0,0.5185589724489067,0.22999999999999998
whatsapp_nl,wa_M_016,235,0,0.3976474512743162,0.28
whatsapp_nl,wa_M_003,12161,1,0.4951399996732728,0.18000000000000005
whatsapp_nl,wa_M_024,2223,1,0.4661046675212534,0.16000000000000003
whatsapp_nl,wa_M_044,3579,1,0.487646567294802,0.24
whatsapp_nl,wa_M_003,5278,0,0.4753459218966117,0.18000000000000005
whatsapp_nl,wa_M_003,9797,1,0.5710015146671358,0.16000000000000003
whatsapp_nl,wa_M_041,257,0,0.5091608614179066,0.33999999999999997
whatsapp_nl,wa_M_057,254,0,0.5107198003187623,0.20999999999999996
whatsapp_nl,wa_M_020,2291,1,0.5247659976283838,0.31999999999999995
whatsapp_nl,wa_M_006,178,1,0.6040637333497098,0.22999999999999998
whatsapp_nl,wa_M_057,434,1,0.48761905875305817,0.37
whatsapp_nl,wa_M_033,1448,0,0.49394071512646825,0.36
whatsapp_nl,wa_M_024,2002,1,0.37080284570154926,0.63
whatsapp_nl,wa_M_031,359,1,0.4732509491685205,0.31000000000000005
whatsapp_nl,wa_M_003,7926,0,0.4656869771857346,0.21999999999999997
whatsapp_nl,wa_M_044,2992,1,0.48913004216674744,0.25
whatsapp_nl,wa_M_003,14046,1,0.4906322660464985,0.28
whatsapp_nl,wa_M_043,344,0,0.4694762685097614,0.22999999999999998
whatsapp_nl,wa_M_027,768,0,0.6145863071414172,0.31000000000000005
whatsapp_nl,wa_M_003,14163,0,0.5725824706274648,0.28
whatsapp_nl,wa_M_036,617,1,0.5245501911873335,0.41000000000000003
whatsapp_nl,wa_M_003,9775,0,0.47862269186928436,0.22999999999999998
whatsapp_nl,wa_M_001,54,0,0.2943639478541766,0.16000000000000003
whatsapp_nl,wa_M_003,4882,1,0.5008074149452998,0.19999999999999996
whatsapp_nl,wa_M_026,567,0,0.5246951184775168,0.19999999999999996
whatsapp_nl,wa_M_004,872,0,0.4143190243148992,0.24
whatsapp_nl,wa_M_003,9726,0,0.4502769944606377,0.39
whatsapp_nl,wa_M_003,14544,0,0.56866419020832,0.29000000000000004
whatsapp_nl,wa_M_003,12743,0,0.41293190413918573,0.31000000000000005
whatsapp_nl,wa_M_003,1865,0,0.418759852436704,0.30000000000000004
whatsapp_nl,wa_M_051,2368,1,0.47411696145249693,0.26
whatsapp_nl,wa_M_008,2055,0,0.46211373368922143,0.29000000000000004
whatsapp_nl,wa_M_044,1625,0,0.6116484752809108,0.24
whatsapp_nl,wa_M_021,126,0,0.4573080706384024,0.77
whatsapp_nl,wa_M_003,2841,0,0.4930154534335489,0.20999999999999996
whatsapp_nl,wa_M_020,1669,0,0.3352759800174392,0.18000000000000005
whatsapp_nl,wa_M_041,237,0,0.2428568679950195,0.19999999999999996
whatsapp_nl,wa_M_019,745,0,0.5788104610245003,0.35
whatsapp_nl,wa_M_019,217,0,0.6668971123831939,0.30000000000000004
whatsapp_nl,wa_M_044,2559,1,0.5190191404865033,0.36
whatsapp_nl,wa_M_003,14310,1,0.4721461305156174,0.22999999999999998
whatsapp_nl,wa_M_062,1225,1,0.40984348546765403,0.28
whatsapp_nl,wa_M_019,448,0,0.32159334970042913,0.32999999999999996
whatsapp_nl,wa_M_019,920,1,0.5612432365435045,0.30000000000000004
whatsapp_nl,wa_M_003,15251,1,0.6679067883261821,0.33999999999999997
whatsapp_nl,wa_M_051,2170,0,0.2549107917811194,0.14
whatsapp_nl,wa_M_044,2908,0,0.49622090032532606,0.21999999999999997
whatsapp_nl,wa_M_016,812,1,0.4262933915838883,0.22999999999999998
whatsapp_nl,wa_M_038,1347,0,0.5987535353275648,0.29000000000000004
whatsapp_nl,wa_M_019,1957,0,0.5024428538335938,0.30000000000000004
whatsapp_nl,wa_M_044,764,0,0.46496038470004075,0.22999999999999998
whatsapp_nl,wa_M_043,69,0,0.4908592435949115,0.26
whatsapp_nl,wa_M_010,52,0,0.2378000953579822,0.14
whatsapp_nl,wa_M_051,2345,0,0.22828631345929778,0.17000000000000004
whatsapp_nl,wa_M_022,279,0,0.5556104263984845,0.16000000000000003
whatsapp_nl,wa_M_008,2286,0,0.5385028266529039,0.33999999999999997
whatsapp_nl,wa_M_033,422,1,0.6352055777194857,0.18999999999999995
whatsapp_nl,wa_M_003,1505,0,0.2941665850264834,0.21999999999999997
whatsapp_nl,wa_M_003,11612,0,0.4784508784374644,0.44999999999999996
whatsapp_nl,wa_M_003,6483,1,0.5047302502317081,0.41000000000000003
whatsapp_nl,wa_M_002,51,0,0.41666855330909935,0.64
whatsapp_nl,wa_M_003,8359,0,0.4665251160892643,0.17000000000000004
whatsapp_nl,wa_M_014,156,0,0.606176654178785,0.53
whatsapp_nl,wa_M_052,12,0,0.2635743772330448,0.27
whatsapp_nl,wa_M_044,4626,0,0.49622090032532606,0.36
whatsapp_nl,wa_M_003,1593,1,0.5926013030849128,0.75
whatsapp_nl,wa_M_063,1170,0,0.5077914824013974,0.26
whatsapp_nl,wa_M_003,2178,0,0.48052272815568076,0.24
whatsapp_nl,wa_M_031,1097,0,0.49079187266717267,0.22999999999999998
whatsapp_nl,wa_M_003,1622,0,0.6887462864429928,0.31000000000000005
whatsapp_nl,wa_M_042,442,1,0.47628158751950145,0.22999999999999998
whatsapp_nl,wa_M_003,11116,0,0.4661764034451566,0.25
whatsapp_nl,wa_M_003,12109,1,0.47255308340323976,0.36
whatsapp_nl,wa_M_006,293,0,0.47279123046119426,0.28
whatsapp_nl,wa_M_003,13934,0,0.28644985849209925,0.20999999999999996
whatsapp_nl,wa_M_004,731,1,0.2437943182450572,0.22999999999999998
whatsapp_nl,wa_M_003,5295,1,0.4993352575190264,0.21999999999999997
whatsapp_nl,wa_M_003,4337,1,0.5790094984404568,0.30000000000000004
whatsapp_nl,wa_M_003,3448,0,0.577130682280144,0.30000000000000004
whatsapp_nl,wa_M_020,2441,0,0.32616682800505964,0.18999999999999995
whatsapp_nl,wa_M_024,2230,0,0.23312121060483673,0.18999999999999995
whatsapp_nl,wa_M_039,134,1,0.45698244511943376,0.26
whatsapp_nl,wa_M_003,849,1,0.4985600750557176,0.20999999999999996
whatsapp_nl,wa_M_044,2441,0,0.46444627378687137,0.25
whatsapp_nl,wa_M_051,345,0,0.5325775383040618,0.21999999999999997
whatsapp_nl,wa_M_003,11150,0,0.5754135056018893,0.33999999999999997
whatsapp_nl,wa_M_063,73,1,0.5644242801177974,0.29000000000000004
whatsapp_nl,wa_M_019,968,1,0.2953415291347216,0.18999999999999995
whatsapp_nl,wa_M_019,1031,1,0.4179390096500684,0.36
whatsapp_nl,wa_M_008,2139,0,0.528593499129628,0.18999999999999995
whatsapp_nl,wa_M_044,4967,0,0.505501896777225,0.18999999999999995
whatsapp_nl,wa_M_044,4661,1,0.2451863981979149,0.19999999999999996
whatsapp_nl,wa_M_024,672,1,0.6130403716269035,0.51
whatsapp_nl,wa_M_003,206,0,0.264721040518946,0.16000000000000003
whatsapp_nl,wa_M_003,1171,1,0.5008074149452998,0.29000000000000004
whatsapp_nl,wa_M_003,6757,1,0.490726225437164,0.30000000000000004
whatsapp_nl,wa_M_051,1557,1,0.5344287576620484,0.54
whatsapp_nl,wa_M_010,500,1,0.481783259851235,0.16000000000000003
whatsapp_nl,wa_M_020,432,0,0.5052259722189499,0.16000000000000003
whatsapp_nl,wa_M_036,646,1,0.686536733238159,0.31000000000000005
whatsapp_nl,wa_M_019,1098,0,0.4829968839271118,0.19999999999999996
whatsapp_nl,wa_M_026,630,0,0.6444015238896162,0.24
whatsapp_nl,wa_M_003,16420,1,0.6739934594613031,0.28
whatsapp_nl,wa_M_051,1974,0,0.47358495456903016,0.26
whatsapp_nl,wa_M_031,935,0,0.470611285427316,0.31999999999999995
whatsapp_nl,wa_M_003,9198,1,0.5890390058008491,0.42000000000000004
whatsapp_nl,wa_M_003,2565,1,0.5890390058008491,0.32999999999999996
whatsapp_nl,wa_M_003,15057,0,0.5860198100416397,0.28
whatsapp_nl,wa_M_003,103,0,0.483130031678001,0.33999999999999997
whatsapp_nl,wa_M_044,2225,1,0.2450683402662106,0.19999999999999996
whatsapp_nl,wa_M_033,635,0,0.5130603943176669,0.29000000000000004
whatsapp_nl,wa_M_056,40,0,0.42373050600056333,0.20999999999999996
whatsapp_nl,wa_M_026,919,0,0.5688926753173188,0.17000000000000004
whatsapp_nl,wa_M_019,924,0,0.4945458418287559,0.35
whatsapp_nl,wa_M_003,157,0,0.272585385557713,0.16000000000000003
whatsapp_nl,wa_M_003,3798,0,0.2797989016640519,0.12
whatsapp_nl,wa_M_019,1214,0,0.4601190566234603,0.19999999999999996
whatsapp_nl,wa_M_022,277,1,0.48420534897059814,0.18000000000000005
whatsapp_nl,wa_M_003,458,1,0.49469994595062816,0.63
whatsapp_nl,wa_M_062,853,0,0.47583693270558325,0.18000000000000005
whatsapp_nl,wa_M_003,6330,0,0.2808479827409136,0.24
whatsapp_nl,wa_M_031,424,1,0.5127903736774968,0.33999999999999997
whatsapp_nl,wa_M_008,1633,0,0.48978525651201804,0.31000000000000005
whatsapp_nl,wa_M_038,1307,0,0.4845842022357468,0.22999999999999998
whatsapp_nl,wa_M_015,120,0,0.5160455387011348,0.18999999999999995
whatsapp_nl,wa_M_031,521,0,0.273360614659187,0.19999999999999996
whatsapp_nl,wa_M_056,399,0,0.4471445593394636,0.26
whatsapp_nl,wa_M_003,3924,0,0.496537912577611,0.19999999999999996
whatsapp_nl,wa_M_016,431,0,0.36814487759129505,0.31999999999999995
whatsapp_nl,wa_M_019,2072,0,0.21850867990560735,0.21999999999999997
whatsapp_nl,wa_M_003,475,1,0.6716177015605219,0.32999999999999996
whatsapp_nl,wa_M_036,74,1,0.5088823551888788,0.4
whatsapp_nl,wa_M_019,3958,0,0.4422759880275395,0.20999999999999996
whatsapp_nl,wa_M_003,325,0,0.4771000331794136,0.18999999999999995
whatsapp_nl,wa_M_008,691,1,0.713347889967841,0.52
whatsapp_nl,wa_M_038,318,0,0.5185589724489067,0.39
whatsapp_nl,wa_M_003,6671,1,0.48383828771789356,0.29000000000000004
whatsapp_nl,wa_M_003,5424,0,0.5790094984404568,0.29000000000000004
whatsapp_nl,wa_M_024,249,1,0.21794345956642797,0.25
whatsapp_nl,wa_M_033,418,0,0.5032952204826785,0.20999999999999996
whatsapp_nl,wa_M_003,14619,0,0.27755447441226005,0.25
whatsapp_nl,wa_M_005,35,0,0.47543739897676074,0.15000000000000002
whatsapp_nl,wa_M_053,835,0,0.6063212935303781,0.17000000000000004
whatsapp_nl,wa_M_003,7719,0,0.28071300968195145,0.24
whatsapp_nl,wa_M_063,687,0,0.5246951184775168,0.43999999999999995
whatsapp_nl,wa_M_003,13995,0,0.4927605139149513,0.39
whatsapp_nl,wa_M_063,338,1,0.6059924054920911,0.26
whatsapp_nl,wa_M_003,15397,0,0.27137841058011575,0.19999999999999996
whatsapp_nl,wa_M_019,3188,1,0.42540396886720216,0.29000000000000004
whatsapp_nl,wa_M_016,1129,1,0.4545997201727525,0.27
whatsapp_nl,wa_M_003,6938,1,0.5810837714702095,0.26
whatsapp_nl,wa_M_020,38,0,0.5172692780808328,0.22999999999999998
whatsapp_nl,wa_M_038,25,0,0.5172692780808328,0.20999999999999996
whatsapp_nl,wa_M_020,2891,1,0.4787375896512081,0.25
whatsapp_nl,wa_M_044,1186,1,0.5325769218234807,0.21999999999999997
whatsapp_nl,wa_M_044,2369,1,0.43682490222370524,0.29000000000000004
whatsapp_nl,wa_M_003,12944,1,0.5918663088528999,0.37
whatsapp_nl,wa_M_044,1394,1,0.5133506301793239,0.31999999999999995
whatsapp_nl,wa_M_038,736,1,0.6309342724042076,0.4
whatsapp_nl,wa_M_003,8664,1,0.5810837714702095,0.5
whatsapp_nl,wa_M_003,15457,1,0.4502769944606377,0.35
whatsapp_nl,wa_M_051,2375,0,0.5385028266529039,0.27
whatsapp_nl,wa_M_003,12889,0,0.5754135056018893,0.26
whatsapp_nl,wa_M_016,82,0,0.4299805058030663,0.31000000000000005
whatsapp_nl,wa_M_056,184,1,0.43075998292287365,0.19999999999999996
whatsapp_nl,wa_M_003,16194,0,0.41293190413918573,0.39
whatsapp_nl,wa_M_063,1073,0,0.4890551282870818,0.24
whatsapp_nl,wa_M_062,318,0,0.4452958659751661,0.21999999999999997
whatsapp_nl,wa_M_027,1027,1,0.5189802471691748,0.10999999999999999
whatsapp_nl,wa_M_003,15246,0,0.5810837714702095,0.37
whatsapp_nl,wa_M_033,399,0,0.26241161600123375,0.25
whatsapp_nl,wa_M_003,14639,1,0.4654998832319122,0.31000000000000005
whatsapp_nl,wa_M_019,143,1,0.2506397151434968,0.28
whatsapp_nl,wa_M_031,347,0,0.26893938554684566,0.25
whatsapp_nl,wa_M_019,4176,0,0.4299805058030663,0.18000000000000005
whatsapp_nl,wa_M_044,1068,0,0.7095105205340592,0.48
whatsapp_nl,wa_M_027,1470,0,0.4945458418287559,0.18999999999999995
whatsapp_nl,wa_M_020,2455,1,0.4851319020930481,0.18999999999999995
whatsapp_nl,wa_M_024,217,1,0.2359750646971112,0.22999999999999998
whatsapp_nl,wa_M_008,34,1,0.5291788812799824,0.15000000000000002
whatsapp_nl,wa_M_020,447,0,0.5137711583039785,0.19999999999999996
whatsapp_nl,wa_M_038,902,0,0.6118935776862746,0.35
whatsapp_nl,wa_M_016,133,0,0.4945458418287559,0.37
whatsapp_nl,wa_M_040,30,0,0.47382972005646895,0.18000000000000005
whatsapp_nl,wa_M_026,798,1,0.4993741687194192,0.28
whatsapp_nl,wa_M_062,772,1,0.48401822078557993,0.27
whatsapp_nl,wa_M_020,276,0,0.24432309417652548,0.26
whatsapp_nl,wa_M_044,1332,0,0.5168223569097384,0.33999999999999997
whatsapp_nl,wa_M_062,32,0,0.4482621262024333,0.20999999999999996
whatsapp_nl,wa_M_020,2663,0,0.2527818477754602,0.18000000000000005
whatsapp_nl,wa_M_036,497,1,0.5979098345497142,0.24
whatsapp_nl,wa_M_019,412,0,0.4719328821594666,0.25
whatsapp_nl,wa_M_003,8251,0,0.5703882834654022,0.26
whatsapp_nl,wa_M_033,467,1,0.24569540134378895,0.17000000000000004
whatsapp_nl,wa_M_033,995,0,0.690754771016607,0.28
whatsapp_nl,wa_M_008,142,0,0.5881956867896616,0.22999999999999998
whatsapp_nl,wa_M_003,14515,0,0.2731290104731757,0.19999999999999996
whatsapp_nl,wa_M_044,817,1,0.30869923099485436,0.20999999999999996
whatsapp_nl,wa_M_051,262,1,0.4997157522614307,0.30000000000000004
whatsapp_nl,wa_M_008,450,1,0.5708336473381455,0.31999999999999995
whatsapp_nl,wa_M_051,609,0,0.5056198155267169,0.16000000000000003
whatsapp_nl,wa_M_027,1399,1,0.6231153100416087,0.22999999999999998
whatsapp_nl,wa_M_004,842,0,0.5875999171368479,0.22999999999999998
whatsapp_nl,wa_M_003,13179,0,0.565513319882219,0.29000000000000004
whatsapp_nl,wa_M_003,3727,1,0.4893327607060012,0.28
whatsapp_nl,wa_M_044,3210,1,0.4531623010080309,0.37
whatsapp_nl,wa_M_051,2404,0,0.4993741687194192,0.19999999999999996
whatsapp_nl,wa_M_022,298,0,0.49378204458418823,0.21999999999999997
whatsapp_nl,wa_M_051,168,0,0.4678365879127413,0.19999999999999996
whatsapp_nl,wa_M_008,1381,0,0.5104821251904871,0.20999999999999996
whatsapp_nl,wa_M_020,2263,0,0.4619571341199982,0.37
whatsapp_nl,wa_M_003,14907,0,0.2775839811054331,0.27
whatsapp_nl,wa_M_044,3640,1,0.64988668547039,0.25
whatsapp_nl,wa_M_019,1674,1,0.44455112097786575,0.27
whatsapp_nl,wa_M_057,285,1,0.26153348523852626,0.21999999999999997
whatsapp_nl,wa_M_043,245,1,0.5246951184775168,0.20999999999999996
whatsapp_nl,wa_M_024,2099,1,0.43130304500559785,0.19999999999999996
whatsapp_nl,wa_M_063,382,1,0.7083351396879014,0.35
whatsapp_nl,wa_M_003,12797,0,0.47318804398478853,0.19999999999999996
whatsapp_nl,wa_M_020,3223,0,0.27954354558422045,0.18999999999999995
whatsapp_nl,wa_M_044,3964,1,0.47812501896941767,0.20999999999999996
whatsapp_nl,wa_M_020,2163,0,0.4594867061737618,0.28
whatsapp_nl,wa_M_024,2108,1,0.4974528412444761,0.25
whatsapp_nl,wa_M_003,14155,1,0.49752369619031706,0.20999999999999996
whatsapp_nl,wa_M_044,2214,0,0.5905593848426576,0.30000000000000004
whatsapp_nl,wa_M_063,128,0,0.4908592435949115,0.22999999999999998
whatsapp_nl,wa_M_008,1170,0,0.47520974716189907,0.21999999999999997
whatsapp_nl,wa_M_019,1232,1,0.6839521987307449,0.42000000000000004
