conv_id,turn_i,real,formal,llm_plain,llm_styled,partner
conv042,66,we are intellectuals,We are intellectuals.,"true, they just cant handle the auteur vision of x and y","fr
real art is misunderstood","You'll get ut 
Big brain"
conv019,32,they have such good food,They have such good food.,hate costello coffee lol,"wait
did u just get snipped
middle of a sentence frfr",oops
conv031,12,should we come off as hostile?,Should we come off as hostile?,wait why are you calling me kit lol,"wait no im serious
bro wtf",its part of their research to find out
conv007,16,"hahaha I love that we both went for the same one 
SO GOOD 
I really wanna do something like that",I love that we both went for the same one. SO GOOD. I really want to do something like that.,right?? I would’ve brought a literal shopping cart or a microwave 😂,"hahaha right?? 
like absolute legend","honestly same 
it's like themed parties where people actually give a shit 
they're the best"
conv045,7,Yeah same I didn't understand that well,Yeah same I didn't understand that well.,"linear algebra is wild lol. good luck figuring out null space, that one broke my brain for a minute 😂",oh god linear algebra 💀,"Lots of reading to do this evening, then
Should be good fun
Are you doing anything more fun this weekend?"
conv008,57,ahh cool,Ahh cool.,omg wait was she? i don't remember that!,"ooh cool
makes sense tho her shows are basically storytelling anyway",what biographies have you read?
conv007,37,is it like two tones at the same time or one on either end,Is it like two tones at the same time or one on either end.,omgg wait yes okay i picture it now!! that thing is gorgeous,"omg wait 
yes i do know it 
that shit is so bright",it's in a little tube cause its liquid
conv079,54,pls dont,Please don't.,please do it's elite bio material,"pls do
it fits u too well 💀",too late 🧡
conv031,137,ok weve given them 25 minutes of content now,Okay weve given them 25 minutes of content now.,putting that on a snapback rn fr fr,merch line dropping soon,There's a whole emoji menu
conv090,40,but he listened... like actually listened,But he listened. like actually listened.,"and then he said ""oh wow you must be smart"" so basically we're basically planning the wedding 💅","and i froze
completely forgot my major
said some bs about rocks 💀",the bar is on the floor
conv090,88,72 is close enough,72 is close enough.,"fine fine, typing typing typing... look at me being so productive and definitely not procrastinating right now. 100 words is a lot of words though, why do you do this to me. okay wait let me actually focus before my brain completely turns to mush. brb in like ten minutes or whenever I panic and actually write something real. wish me luck bestie 🫡","ugh
fine
buffering... 23%",BYE 💀
conv081,35,curiosity kills roommates,Curiosity kills roommates.,"curiosity killed the cat... or in this case, the microwave",smh,dramatic much
conv078,37,tell her it was football culture,Tell her it was football culture.,lmao what did u tell her,"oh no
what'd u say",she wont understand
conv023,42,ahhh noooo my dad is sooo addicted its crazy,Ah no my dad is so addicted its crazy.,"so good, her delivery kills me every time 😂","pahahahaha
classic dad behaviour","would not be me tho 
hahahaha"
conv020,11,v responsible,V responsible.,"that's so fair, renting definitely makes it way too hard for a dog right now. what about like a smaller pet then, or are you just sticking to no pets for uni?","that's fair 
u'd have to do a bunch of research first","Maybe a snake
Ball python
Maybe not very responsible"
conv070,30,"ok serious question
did you understand today’s lecture",Okay serious question. Did you understand today’s lecture.,stop laughing it took a lot of emotional labor to admit it's messy,"lol
true
im crying","…
i understood the font"
conv006,85,didn't even get onto the mango tequila liquer,Didn't even get onto the mango tequila liquer.,let me know how it goes!,"same here
good luck with it",you TEASE
conv054,44,"By the way, if you come to visit me when I am in term time you will have to get a travelodge or something but that should be okay","By the way, if you come to visit me when I am in term time you will have to get a travelodge or something but that should be okay.","nah no half term unfortunately, university terms don't really work like that. but my timetable shouldn't be too chaotic so we'd definitely be able to work something out","no not really 
just end of term breaks really","so you are doing teaching now?
Yes - no problem."
conv091,44,"uh
define move",Uh. Define move.,nah why would i touch ur stuff,"no
i didnt touch it
check the couch",why do you always say that
conv033,31,"yeh that will look good. idk what trousers to wear with mine 
maybe skinny black 
or loose black 
or denim",Yeh that will look good. I don't know what trousers to wear with mine. Maybe skinny black. Or loose black. Or denim.,u think u can just steal my clothes now?? wild,ill miss our chat,"id have to see the outfit 
cant picture it in my head"
conv033,24,"haha
7.30 ish sounds good 
urm",7.30 ish sounds good. Urm.,works for me see u then,"perf
see u then",let's talk about the suggested topics
conv002,30,"German Shepard 
What about u",German Shepard. What about you.,"probably golden retrievers, they're just too friendly not to love. wbu?",Pugs,I like German Shepherds too
conv049,17,Gove me two tics taking the rubbish out x,Gove me two tics taking the rubbish out x.,Haha dreaming about logic puzzles is a new level of dedication 😂,"Haha dreaming about puzzles is dedication 
Glad you're liking them tho","Nae bov x
Oooh forgit to ask did your mum like the blanket"
conv093,28,"listen
growth is not linear",Listen. Growth is not linear.,lmao shut up 😭 tomorrow for real tho (maybe),at least im consistent 😌,"HAHAHA stop
u saw that tiktok too huh"
conv042,58,yeah a robot couldnt do that,Yeah a robot couldnt do that.,haha spooky season never ends around here,im haunted by my own past mistakes,Joker shit
conv082,69,"deal
but you study 30 mins first",Deal. But you study 30 mins first.,"lol fine, what kind?","fine
what kind",blackmail??
conv004,17,"a couple, but the best way i am learning is by practicing myself. 
just took a break from that. 
but its nice when you actually understand
what is going on","A couple, but the best way I am learning is by practicing myself. Just took a break from that. But its nice when you actually understand. What is going on.","Yeah I did, but half of them just make it look so easy and then I get stuck instantly lol","yeah i did
they just make it look so easy tho 😭",oh goooddd
conv079,29,after it fainted,After it fainted.,once? a whole ass time? wow call the Guinness world records,"which one
the plastic one
or the dead one",minor detail 🙄
conv066,34,wow dream me has confidence,Wow dream me has confidence.,of course i did 😂,"im dead
wtf",clearly
conv091,16,it was just sitting there,It was just sitting there.,"it was literally the *only* dish, how does that even happen",its a crime scene,it was soaking
conv049,42,"Oh why dont you bring it on monday 
I need eggs 
And mincd 
Mince
Actualy ill het some more ginger beer dont worry",Oh why don't you bring it on monday. I need eggs. And mincd. Mince. Actualy ill het some more ginger beer don't worry.,Ooh nice! Is it any good? Save me some 😂,"Omg jackpot
Put the kettle on then babe",I have plenty of eggs if you need some
conv045,49,"The kite has like a shape of a small parachute
Yeah exactly
Anyways he was testing it on his Apple Watch",The kite has like a shape of a small parachute. Yeah exactly. Anyways he was testing it on his Apple Watch.,Yeah basically! And the wind pulls you across the water. Super fast when you get the hang of it,"Yeah exactly
Pretty much
Plus u can do rly high jumps with it",cool
conv082,49,you chose to procrastinate,You chose to procrastinate.,he chose to climb it??,"true
fair point","ok first of all
rude"
conv063,10,we all do,We all do.,"rt honestly, take me to a beach right now","rt
maybe a billionaire",beach or mountains
conv006,84,okay cool ill get to it,Okay cool ill get to it.,"haha exactly, time to submit","lmao oops typo
whoops",didn't even get onto the mango tequila liquer
conv001,20,"I really like Navratri because we get to dance and eat good food
What is yoursss",I really like Navratri because we get to dance and eat good food. What is yours.,"Omgg definitely Christmas! I just love the whole vibe, the food, and giving gifts. What about you?","Ooo thats a tough one
probably diwali or christmas
hbu??","I personally love Christmas, Diwali, and Holi A LOT."
conv025,15,i just had an egg and cress sandwich,I just had an egg and cress sandwich.,do it live your best life tbh grab me one too while youre there?? I'll pay u back,"do it
get the 2",no you havent you liar
conv004,13,"the videos i saw before using this platform were hilarious not gonna lie. 
btw, this platform is pretty nice, easy to use.","The videos I saw before using this platform were hilarious not going to lie. By the way, this platform is pretty nice, easy to use.","Haha fair enough, good food makes the whole trip worth it anyway. And yeah actually, I watched this crazy documentary about deep sea creatures the other day, totally fascinating!","not really tbh
just the usual youtube rabbit holes lol",veery convenient
conv068,36,what did u make,What did you make.,look at you being all productive today,who are you and what have you done with y,fried rice
conv063,9,"same
i need a vacation",Same. I need a vacation.,"same tbh, adulting is exhausting 😭 what made u so tired today?","mood
same tho",we all do
conv027,14,Ya. You are a wonderful human being,You. You are a wonderful human being.,Ooh what kind of pet do you have??,What pet do you have ?,"The cat video which I saw was particularly cute 
What about you? 
Which video did you liked the most?"
conv020,39,is there a new one coming out i think?,Is there a new one coming out I think?,lol fair enough. wait do we get to ride it or is it just hanging out in the living room judging us,"haha fair
we should watch it sometime then","I also watched the dungeons and dragons movie over the weekend
No dragons involved"
conv084,13,"same
what even is normal",Same. What even is normal.,"lol don't overthink it, we just gotta act natural. what's the actual task tho?","stop overthinking
its fine
just type whatever lol",us complaining is normal
conv008,38,"yeah haha, don't worry it has a pile of other books for company haha
wbu?","Yeah , don't worry it has a pile of other books for company. What about you?",pretty much 😂 carrying that brick around would snap my spine anyway,"yep basically 💀
like reading a brick","hahaha
similar to me, my flatmate just gave me her book of fourth wing and said its really good and i should read it ... but its SO large"
conv070,44,ok fine i had a sandwich,Okay fine I had a sandwich.,eat something real or im calling your mom,too late <3,see that wasnt hard
conv032,11,"rude haha
my dog was like that
she would push other peoples dogs out of her bed",Rude. My dog was like that. She would push other peoples dogs out of her bed.,"haha aw poor guy, at least he didn't get straight up attacked tho","aw bless
haha",valid
conv086,52,"too late
take out trash tmr",Too late. Take out trash tmr.,bye!,"bye
dont die","…
bye 💀"
conv068,19,"yes pls
i miss ur face",Yes please. I miss your face.,yes pls do that,yes pls,its the same face as yesterday
conv023,6,shall we watch the next video?,Shall we watch the next video?,right?? like straight into the bath 😂,"ahahahahaaa
trueeeeee","Yep!!
I've seen it"
conv086,18,lazy boy,Lazy boy.,do it anyway or u will starve tomorrow morning,"no excuses
do it anyway","im tired ok
had 3 classes today"
conv027,27,The system is slow!,The system is slow!,"ikr, it keeps acting up today 🙄",I think this is slow,"Everything is good
You tell me. We were talking about pets 
What pet do you have ? And How old are they ?
How many pets do you have ??"
conv054,30,"Also, I know sophie is coming round to have christmas dinner with us 
apparently she has opinions about what meat we should have","Also, I know sophie is coming round to have christmas dinner with us. Apparently she has opinions about what meat we should have.",and I cannot wait for a proper bowl of that porridge honestly,yes of course porridge is essential,yes there will be a few of us.
conv078,45,"exactly
ok i should actually start hw",Exactly. Okay I should actually start hw.,fr fr 💀,"real
fr",go do it nerd
conv025,30,"yeah your face
right shall we answer one of those pet questions",Yeah your face. Right shall we answer one of those pet questions.,wait really? 😂 ok but seriously it's true,who else is saying that to u xx,"conv025_2 has left the chat
SIKE"
conv075,13,its fineee,Its fine.,"fair enough, my heart rate is probably 90% espresso at this point","it keeps me alive
ok
mostly",remember this chat is for that assignment
conv088,26,so gym later?,So gym later?,bro go do it then,LMAO,"maybe
if im not lazy"
conv066,30,thats so random,That's so random.,classic anxiety dream lol whose wedding did it turn out to be?,"iconic
chaos
was there free food at least",exactly
conv065,48,ok i should actually start my hw,Okay I should actually start my hw.,"classic you haha. fine, what time are we actually getting there then?",💀,"same
this chat looks long enough"
conv089,32,not u tho,Not you though.,ugh fine opening it rn,"tru
true",excuse me???
conv081,57,quality control my foot,Quality control my foot.,lmaooo quality control right,"quality control
my ass",ok fine maybe i had one
