kind,case,cand,order,p_real,conf,is_bot,same_person
pair,0,formal,0.0,0.93,0.86,,
pair,0,formal,1.0,0.92,0.84,,
pair,0,llm_plain,0.0,0.65,0.3,,
pair,0,llm_plain,1.0,0.4,0.2,,
pair,0,llm_styled,0.0,0.42,0.17,,
pair,0,llm_styled,1.0,0.18,0.65,,
pair,0,partner,0.0,0.45,0.11,,
pair,0,partner,1.0,0.5,0.0,,
noul,0,real,,,,0.25,0.76
noul_ns,0,real,,,,0.17,
noul,0,formal,,,,0.31,0.57
noul_ns,0,formal,,,,0.16,
noul,0,llm_plain,,,,0.37,0.67
noul_ns,0,llm_plain,,,,0.19,
noul,0,llm_styled,,,,0.26,0.8
noul_ns,0,llm_styled,,,,0.17,
noul,0,partner,,,,0.34,0.74
pair,1,formal,0.0,0.82,0.65,,
pair,1,formal,1.0,0.61,0.21,,
pair,1,llm_plain,0.0,0.53,0.05,,
pair,1,llm_plain,1.0,0.43,0.14,,
pair,1,llm_styled,0.0,0.21,0.57,,
pair,1,llm_styled,1.0,0.17,0.66,,
pair,1,partner,0.0,0.32,0.35,,
pair,1,partner,1.0,0.29,0.41,,
noul,1,real,,,,0.31,0.78
noul_ns,1,real,,,,0.18,
noul,1,formal,,,,0.36,0.74
noul_ns,1,formal,,,,0.18,
noul,1,llm_plain,,,,0.33,0.81
noul_ns,1,llm_plain,,,,0.23,
noul,1,llm_styled,,,,0.26,0.86
noul_ns,1,llm_styled,,,,0.17,
noul,1,partner,,,,0.32,0.8
pair,2,formal,0.0,0.63,0.27,,
pair,2,formal,1.0,0.67,0.34,,
pair,2,llm_plain,0.0,0.42,0.17,,
pair,2,llm_plain,1.0,0.28,0.43,,
pair,2,llm_styled,0.0,0.66,0.32,,
pair,2,llm_styled,1.0,0.55,0.11,,
pair,2,partner,0.0,0.72,0.44,,
pair,2,partner,1.0,0.66,0.31,,
noul,2,real,,,,0.44,0.76
noul_ns,2,real,,,,0.19,
noul,2,formal,,,,0.53,0.57
noul_ns,2,formal,,,,0.25,
noul,2,llm_plain,,,,0.34,0.79
noul_ns,2,llm_plain,,,,0.14,
noul,2,llm_styled,,,,0.33,0.74
noul_ns,2,llm_styled,,,,0.14,
noul,2,partner,,,,0.42,0.71
pair,3,formal,0.0,0.87,0.75,,
pair,3,formal,1.0,0.81,0.62,,
pair,3,llm_plain,0.0,0.81,0.62,,
pair,3,llm_plain,1.0,0.58,0.17,,
pair,3,llm_styled,0.0,0.75,0.5,,
pair,3,llm_styled,1.0,0.57,0.13,,
pair,3,partner,0.0,0.87,0.75,,
pair,3,partner,1.0,0.71,0.42,,
noul,3,real,,,,0.23,0.86
noul_ns,3,real,,,,0.13,
noul,3,formal,,,,0.3,0.8
noul_ns,3,formal,,,,0.14,
noul,3,llm_plain,,,,0.2,0.83
noul_ns,3,llm_plain,,,,0.15,
noul,3,llm_styled,,,,0.18,0.87
noul_ns,3,llm_styled,,,,0.12,
noul,3,partner,,,,0.23,0.83
pair,4,formal,0.0,0.72,0.44,,
pair,4,formal,1.0,0.35,0.29,,
pair,4,llm_plain,0.0,0.67,0.34,,
pair,4,llm_plain,1.0,0.72,0.44,,
pair,4,llm_styled,0.0,0.51,0.01,,
pair,4,llm_styled,1.0,0.39,0.22,,
pair,4,partner,0.0,0.81,0.62,,
pair,4,partner,1.0,0.83,0.66,,
noul,4,real,,,,0.35,0.84
noul_ns,4,real,,,,0.18,
noul,4,formal,,,,0.39,0.85
noul_ns,4,formal,,,,0.18,
noul,4,llm_plain,,,,0.42,0.87
noul_ns,4,llm_plain,,,,0.23,
noul,4,llm_styled,,,,0.35,0.84
noul_ns,4,llm_styled,,,,0.18,
noul,4,partner,,,,0.63,0.68
pair,5,formal,0.0,0.96,0.93,,
pair,5,formal,1.0,0.98,0.96,,
pair,5,llm_plain,0.0,0.37,0.25,,
pair,5,llm_plain,1.0,0.26,0.49,,
pair,5,llm_styled,0.0,0.33,0.34,,
pair,5,llm_styled,1.0,0.28,0.44,,
pair,5,partner,0.0,0.82,0.64,,
pair,5,partner,1.0,0.7,0.41,,
noul,5,real,,,,0.23,0.83
noul_ns,5,real,,,,0.11,
noul,5,formal,,,,0.33,0.63
noul_ns,5,formal,,,,0.11,
noul,5,llm_plain,,,,0.22,0.92
noul_ns,5,llm_plain,,,,0.13,
noul,5,llm_styled,,,,0.26,0.84
noul_ns,5,llm_styled,,,,0.14,
noul,5,partner,,,,0.34,0.81
pair,6,formal,0.0,0.94,0.88,,
pair,6,formal,1.0,0.79,0.59,,
pair,6,llm_plain,0.0,0.41,0.18,,
pair,6,llm_plain,1.0,0.31,0.39,,
pair,6,llm_styled,0.0,0.34,0.33,,
pair,6,llm_styled,1.0,0.33,0.34,,
pair,6,partner,0.0,0.88,0.77,,
pair,6,partner,1.0,0.94,0.87,,
noul,6,real,,,,0.22,0.84
noul_ns,6,real,,,,0.13,
noul,6,formal,,,,0.28,0.79
noul_ns,6,formal,,,,0.13,
noul,6,llm_plain,,,,0.28,0.86
noul_ns,6,llm_plain,,,,0.13,
noul,6,llm_styled,,,,0.2,0.88
noul_ns,6,llm_styled,,,,0.11,
noul,6,partner,,,,0.34,0.75
pair,7,formal,0.0,0.98,0.97,,
pair,7,formal,1.0,0.81,0.62,,
pair,7,llm_plain,0.0,0.47,0.06,,
pair,7,llm_plain,1.0,0.23,0.53,,
pair,7,llm_styled,0.0,0.25,0.5,,
pair,7,llm_styled,1.0,0.15,0.69,,
pair,7,partner,0.0,0.34,0.33,,
pair,7,partner,1.0,0.28,0.45,,
noul,7,real,,,,0.22,0.85
noul_ns,7,real,,,,0.15,
noul,7,formal,,,,0.25,0.65
noul_ns,7,formal,,,,0.16,
noul,7,llm_plain,,,,0.27,0.84
noul_ns,7,llm_plain,,,,0.2,
noul,7,llm_styled,,,,0.23,0.92
noul_ns,7,llm_styled,,,,0.15,
noul,7,partner,,,,0.3,0.89
pair,8,formal,0.0,0.92,0.83,,
pair,8,formal,1.0,0.92,0.83,,
pair,8,llm_plain,0.0,0.57,0.15,,
pair,8,llm_plain,1.0,0.49,0.02,,
pair,8,llm_styled,0.0,0.89,0.78,,
pair,8,llm_styled,1.0,0.87,0.73,,
pair,8,partner,0.0,0.79,0.59,,
pair,8,partner,1.0,0.83,0.65,,
noul,8,real,,,,0.2,0.82
noul_ns,8,real,,,,0.13,
noul,8,formal,,,,0.22,0.76
noul_ns,8,formal,,,,0.15,
noul,8,llm_plain,,,,0.27,0.85
noul_ns,8,llm_plain,,,,0.15,
noul,8,llm_styled,,,,0.36,0.6
noul_ns,8,llm_styled,,,,0.17,
noul,8,partner,,,,0.3,0.53
pair,9,formal,0.0,0.65,0.31,,
pair,9,formal,1.0,0.64,0.28,,
pair,9,llm_plain,0.0,0.13,0.75,,
pair,9,llm_plain,1.0,0.03,0.93,,
pair,9,llm_styled,0.0,0.06,0.87,,
pair,9,llm_styled,1.0,0.03,0.94,,
pair,9,partner,0.0,0.79,0.58,,
pair,9,partner,1.0,0.7,0.39,,
noul,9,real,,,,0.2,0.84
noul_ns,9,real,,,,0.11,
noul,9,formal,,,,0.21,0.81
noul_ns,9,formal,,,,0.11,
noul,9,llm_plain,,,,0.24,0.9
noul_ns,9,llm_plain,,,,0.14,
noul,9,llm_styled,,,,0.19,0.92
noul_ns,9,llm_styled,,,,0.09,
noul,9,partner,,,,0.21,0.85
pair,10,formal,0.0,0.83,0.65,,
pair,10,formal,1.0,0.15,0.69,,
pair,10,llm_plain,0.0,0.19,0.62,,
pair,10,llm_plain,1.0,0.14,0.72,,
pair,10,llm_styled,0.0,0.06,0.88,,
pair,10,llm_styled,1.0,0.02,0.95,,
pair,10,partner,0.0,0.65,0.29,,
pair,10,partner,1.0,0.57,0.14,,
noul,10,real,,,,0.22,0.83
noul_ns,10,real,,,,0.21,
noul,10,formal,,,,0.24,0.83
noul_ns,10,formal,,,,0.26,
noul,10,llm_plain,,,,0.44,0.91
noul_ns,10,llm_plain,,,,0.33,
noul,10,llm_styled,,,,0.3,0.92
noul_ns,10,llm_styled,,,,0.4,
noul,10,partner,,,,0.27,0.81
pair,11,formal,0.0,0.88,0.76,,
pair,11,formal,1.0,0.94,0.88,,
pair,11,llm_plain,0.0,0.81,0.63,,
pair,11,llm_plain,1.0,0.65,0.29,,
pair,11,llm_styled,0.0,0.75,0.5,,
pair,11,llm_styled,1.0,0.58,0.16,,
pair,11,partner,0.0,0.75,0.5,,
pair,11,partner,1.0,0.46,0.08,,
noul,11,real,,,,0.41,0.86
noul_ns,11,real,,,,0.24,
noul,11,formal,,,,0.47,0.85
noul_ns,11,formal,,,,0.28,
noul,11,llm_plain,,,,0.43,0.69
noul_ns,11,llm_plain,,,,0.27,
noul,11,llm_styled,,,,0.23,0.77
noul_ns,11,llm_styled,,,,0.13,
noul,11,partner,,,,0.26,0.78
pair,12,formal,0.0,0.88,0.77,,
pair,12,formal,1.0,0.85,0.69,,
pair,12,llm_plain,0.0,0.28,0.43,,
pair,12,llm_plain,1.0,0.25,0.5,,
pair,12,llm_styled,0.0,0.31,0.37,,
pair,12,llm_styled,1.0,0.26,0.48,,
pair,12,partner,0.0,0.38,0.24,,
pair,12,partner,1.0,0.29,0.43,,
noul,12,real,,,,0.29,0.73
noul_ns,12,real,,,,0.12,
noul,12,formal,,,,0.36,0.58
noul_ns,12,formal,,,,0.17,
noul,12,llm_plain,,,,0.18,0.88
noul_ns,12,llm_plain,,,,0.08,
noul,12,llm_styled,,,,0.21,0.85
noul_ns,12,llm_styled,,,,0.1,
noul,12,partner,,,,0.31,0.75
pair,13,formal,0.0,0.89,0.78,,
pair,13,formal,1.0,0.64,0.27,,
pair,13,llm_plain,0.0,0.82,0.64,,
pair,13,llm_plain,1.0,0.75,0.49,,
pair,13,llm_styled,0.0,0.34,0.31,,
pair,13,llm_styled,1.0,0.29,0.42,,
pair,13,partner,0.0,0.55,0.09,,
pair,13,partner,1.0,0.3,0.39,,
noul,13,real,,,,0.28,0.84
noul_ns,13,real,,,,0.14,
noul,13,formal,,,,0.29,0.7
noul_ns,13,formal,,,,0.13,
noul,13,llm_plain,,,,0.32,0.63
noul_ns,13,llm_plain,,,,0.16,
noul,13,llm_styled,,,,0.33,0.85
noul_ns,13,llm_styled,,,,0.14,
noul,13,partner,,,,0.29,0.84
pair,14,formal,0.0,0.8,0.59,,
pair,14,formal,1.0,0.73,0.46,,
pair,14,llm_plain,0.0,0.42,0.15,,
pair,14,llm_plain,1.0,0.3,0.41,,
pair,14,llm_styled,0.0,0.11,0.78,,
pair,14,llm_styled,1.0,0.06,0.89,,
pair,14,partner,0.0,0.61,0.21,,
pair,14,partner,1.0,0.35,0.3,,
noul,14,real,,,,0.4,0.66
noul_ns,14,real,,,,0.19,
noul,14,formal,,,,0.52,0.56
noul_ns,14,formal,,,,0.19,
noul,14,llm_plain,,,,0.45,0.81
noul_ns,14,llm_plain,,,,0.28,
noul,14,llm_styled,,,,0.36,0.81
noul_ns,14,llm_styled,,,,0.23,
noul,14,partner,,,,0.42,0.76
pair,15,formal,0.0,0.9,0.79,,
pair,15,formal,1.0,0.8,0.6,,
pair,15,llm_plain,0.0,0.25,0.51,,
pair,15,llm_plain,1.0,0.33,0.33,,
pair,15,llm_styled,0.0,0.29,0.41,,
pair,15,llm_styled,1.0,0.2,0.6,,
pair,15,partner,0.0,0.28,0.44,,
pair,15,partner,1.0,0.51,0.02,,
noul,15,real,,,,0.34,0.7
noul_ns,15,real,,,,0.2,
noul,15,formal,,,,0.39,0.53
noul_ns,15,formal,,,,0.17,
noul,15,llm_plain,,,,0.29,0.76
noul_ns,15,llm_plain,,,,0.17,
noul,15,llm_styled,,,,0.23,0.83
noul_ns,15,llm_styled,,,,0.19,
noul,15,partner,,,,0.45,0.68
pair,16,formal,0.0,0.87,0.75,,
pair,16,formal,1.0,0.87,0.74,,
pair,16,llm_plain,0.0,0.67,0.33,,
pair,16,llm_plain,1.0,0.6,0.21,,
pair,16,llm_styled,0.0,0.51,0.02,,
pair,16,llm_styled,1.0,0.34,0.33,,
pair,16,partner,0.0,0.58,0.16,,
pair,16,partner,1.0,0.47,0.06,,
noul,16,real,,,,0.28,0.74
noul_ns,16,real,,,,0.14,
noul,16,formal,,,,0.32,0.52
noul_ns,16,formal,,,,0.15,
noul,16,llm_plain,,,,0.27,0.64
noul_ns,16,llm_plain,,,,0.12,
noul,16,llm_styled,,,,0.29,0.68
noul_ns,16,llm_styled,,,,0.14,
noul,16,partner,,,,0.26,0.66
pair,17,formal,0.0,0.62,0.23,,
pair,17,formal,1.0,0.19,0.62,,
pair,17,llm_plain,0.0,0.14,0.71,,
pair,17,llm_plain,1.0,0.07,0.86,,
pair,17,llm_styled,0.0,0.42,0.16,,
pair,17,llm_styled,1.0,0.18,0.63,,
pair,17,partner,0.0,0.61,0.22,,
pair,17,partner,1.0,0.42,0.16,,
noul,17,real,,,,0.43,0.84
noul_ns,17,real,,,,0.26,
noul,17,formal,,,,0.45,0.84
noul_ns,17,formal,,,,0.25,
noul,17,llm_plain,,,,0.37,0.86
noul_ns,17,llm_plain,,,,0.2,
noul,17,llm_styled,,,,0.27,0.86
noul_ns,17,llm_styled,,,,0.15,
noul,17,partner,,,,0.41,0.83
pair,18,formal,0.0,0.83,0.66,,
pair,18,formal,1.0,0.61,0.22,,
pair,18,llm_plain,0.0,0.57,0.14,,
pair,18,llm_plain,1.0,0.4,0.21,,
pair,18,llm_styled,0.0,0.6,0.19,,
pair,18,llm_styled,1.0,0.48,0.05,,
pair,18,partner,0.0,0.71,0.41,,
pair,18,partner,1.0,0.7,0.39,,
noul,18,real,,,,0.27,0.78
noul_ns,18,real,,,,0.25,
noul,18,formal,,,,0.32,0.72
noul_ns,18,formal,,,,0.24,
noul,18,llm_plain,,,,0.23,0.8
noul_ns,18,llm_plain,,,,0.15,
noul,18,llm_styled,,,,0.23,0.8
noul_ns,18,llm_styled,,,,0.16,
noul,18,partner,,,,0.36,0.72
pair,19,formal,0.0,0.9,0.79,,
pair,19,formal,1.0,0.95,0.9,,
pair,19,llm_plain,0.0,0.42,0.17,,
pair,19,llm_plain,1.0,0.32,0.36,,
pair,19,llm_styled,0.0,0.32,0.37,,
pair,19,llm_styled,1.0,0.39,0.22,,
pair,19,partner,0.0,0.61,0.23,,
pair,19,partner,1.0,0.51,0.03,,
noul,19,real,,,,0.27,0.86
noul_ns,19,real,,,,0.14,
noul,19,formal,,,,0.37,0.68
noul_ns,19,formal,,,,0.15,
noul,19,llm_plain,,,,0.26,0.89
noul_ns,19,llm_plain,,,,0.13,
noul,19,llm_styled,,,,0.4,0.9
noul_ns,19,llm_styled,,,,0.16,
noul,19,partner,,,,0.24,0.85
pair,20,formal,0.0,0.91,0.81,,
pair,20,formal,1.0,0.89,0.78,,
pair,20,llm_plain,0.0,0.96,0.93,,
pair,20,llm_plain,1.0,0.95,0.9,,
pair,20,llm_styled,0.0,0.87,0.75,,
pair,20,llm_styled,1.0,0.86,0.71,,
pair,20,partner,0.0,0.99,0.99,,
pair,20,partner,1.0,1.0,0.99,,
noul,20,real,,,,0.27,0.86
noul_ns,20,real,,,,0.11,
noul,20,formal,,,,0.32,0.82
noul_ns,20,formal,,,,0.13,
noul,20,llm_plain,,,,0.23,0.72
noul_ns,20,llm_plain,,,,0.08,
noul,20,llm_styled,,,,0.2,0.75
noul_ns,20,llm_styled,,,,0.07,
noul,20,partner,,,,0.84,0.24
pair,21,formal,0.0,0.88,0.76,,
pair,21,formal,1.0,0.79,0.57,,
pair,21,llm_plain,0.0,0.94,0.88,,
pair,21,llm_plain,1.0,0.94,0.87,,
pair,21,llm_styled,0.0,0.6,0.21,,
pair,21,llm_styled,1.0,0.53,0.07,,
pair,21,partner,0.0,0.85,0.69,,
pair,21,partner,1.0,0.9,0.81,,
noul,21,real,,,,0.36,0.82
noul_ns,21,real,,,,0.28,
noul,21,formal,,,,0.45,0.71
noul_ns,21,formal,,,,0.31,
noul,21,llm_plain,,,,0.5,0.53
noul_ns,21,llm_plain,,,,0.42,
noul,21,llm_styled,,,,0.34,0.77
noul_ns,21,llm_styled,,,,0.27,
noul,21,partner,,,,0.5,0.71
pair,22,formal,0.0,0.62,0.25,,
pair,22,formal,1.0,0.2,0.6,,
pair,22,llm_plain,0.0,0.34,0.32,,
pair,22,llm_plain,1.0,0.48,0.05,,
pair,22,llm_styled,0.0,0.18,0.63,,
pair,22,llm_styled,1.0,0.17,0.65,,
pair,22,partner,0.0,0.47,0.07,,
pair,22,partner,1.0,0.27,0.46,,
noul,22,real,,,,0.41,0.76
noul_ns,22,real,,,,0.29,
noul,22,formal,,,,0.5,0.73
noul_ns,22,formal,,,,0.47,
noul,22,llm_plain,,,,0.45,0.74
noul_ns,22,llm_plain,,,,0.26,
noul,22,llm_styled,,,,0.36,0.84
noul_ns,22,llm_styled,,,,0.19,
noul,22,partner,,,,0.23,0.87
pair,23,formal,0.0,0.95,0.9,,
pair,23,formal,1.0,0.9,0.8,,
pair,23,llm_plain,0.0,0.12,0.76,,
pair,23,llm_plain,1.0,0.05,0.9,,
pair,23,llm_styled,0.0,0.34,0.32,,
pair,23,llm_styled,1.0,0.28,0.44,,
pair,23,partner,0.0,0.52,0.04,,
pair,23,partner,1.0,0.37,0.27,,
noul,23,real,,,,0.25,0.86
noul_ns,23,real,,,,0.14,
noul,23,formal,,,,0.31,0.84
noul_ns,23,formal,,,,0.15,
noul,23,llm_plain,,,,0.19,0.93
noul_ns,23,llm_plain,,,,0.08,
noul,23,llm_styled,,,,0.23,0.91
noul_ns,23,llm_styled,,,,0.12,
noul,23,partner,,,,0.23,0.9
pair,24,formal,0.0,0.82,0.63,,
pair,24,formal,1.0,0.76,0.52,,
pair,24,llm_plain,0.0,0.36,0.29,,
pair,24,llm_plain,1.0,0.39,0.21,,
pair,24,llm_styled,0.0,0.44,0.12,,
pair,24,llm_styled,1.0,0.4,0.2,,
pair,24,partner,0.0,0.38,0.24,,
pair,24,partner,1.0,0.47,0.06,,
noul,24,real,,,,0.36,0.69
noul_ns,24,real,,,,0.38,
noul,24,formal,,,,0.4,0.63
noul_ns,24,formal,,,,0.37,
noul,24,llm_plain,,,,0.3,0.8
noul_ns,24,llm_plain,,,,0.27,
noul,24,llm_styled,,,,0.41,0.72
noul_ns,24,llm_styled,,,,0.37,
noul,24,partner,,,,0.29,0.67
pair,25,formal,0.0,0.82,0.64,,
pair,25,formal,1.0,0.85,0.71,,
pair,25,llm_plain,0.0,0.21,0.58,,
pair,25,llm_plain,1.0,0.3,0.4,,
pair,25,llm_styled,0.0,0.24,0.52,,
pair,25,llm_styled,1.0,0.17,0.67,,
pair,25,partner,0.0,0.22,0.56,,
pair,25,partner,1.0,0.31,0.37,,
noul,25,real,,,,0.24,0.81
noul_ns,25,real,,,,0.13,
noul,25,formal,,,,0.27,0.81
noul_ns,25,formal,,,,0.14,
noul,25,llm_plain,,,,0.17,0.8
noul_ns,25,llm_plain,,,,0.11,
noul,25,llm_styled,,,,0.18,0.82
noul_ns,25,llm_styled,,,,0.12,
noul,25,partner,,,,0.19,0.81
pair,26,formal,0.0,0.96,0.92,,
pair,26,formal,1.0,0.91,0.82,,
pair,26,llm_plain,0.0,0.29,0.41,,
pair,26,llm_plain,1.0,0.15,0.71,,
pair,26,llm_styled,0.0,0.2,0.6,,
pair,26,llm_styled,1.0,0.06,0.89,,
pair,26,partner,0.0,0.55,0.11,,
pair,26,partner,1.0,0.39,0.23,,
noul,26,real,,,,0.26,0.84
noul_ns,26,real,,,,0.18,
noul,26,formal,,,,0.32,0.78
noul_ns,26,formal,,,,0.33,
noul,26,llm_plain,,,,0.22,0.87
noul_ns,26,llm_plain,,,,0.15,
noul,26,llm_styled,,,,0.21,0.87
noul_ns,26,llm_styled,,,,0.17,
noul,26,partner,,,,0.31,0.85
pair,27,formal,0.0,0.85,0.69,,
pair,27,formal,1.0,0.75,0.49,,
pair,27,llm_plain,0.0,0.07,0.85,,
pair,27,llm_plain,1.0,0.12,0.75,,
pair,27,llm_styled,0.0,0.27,0.47,,
pair,27,llm_styled,1.0,0.24,0.51,,
pair,27,partner,0.0,0.28,0.44,,
pair,27,partner,1.0,0.24,0.52,,
noul,27,real,,,,0.27,0.79
noul_ns,27,real,,,,0.12,
noul,27,formal,,,,0.28,0.75
noul_ns,27,formal,,,,0.15,
noul,27,llm_plain,,,,0.26,0.83
noul_ns,27,llm_plain,,,,0.12,
noul,27,llm_styled,,,,0.25,0.79
noul_ns,27,llm_styled,,,,0.13,
noul,27,partner,,,,0.21,0.8
pair,28,formal,0.0,0.94,0.88,,
pair,28,formal,1.0,0.82,0.64,,
pair,28,llm_plain,0.0,0.63,0.26,,
pair,28,llm_plain,1.0,0.59,0.18,,
pair,28,llm_styled,0.0,0.35,0.29,,
pair,28,llm_styled,1.0,0.34,0.32,,
pair,28,partner,0.0,0.65,0.29,,
pair,28,partner,1.0,0.67,0.34,,
noul,28,real,,,,0.28,0.83
noul_ns,28,real,,,,0.28,
noul,28,formal,,,,0.36,0.76
noul_ns,28,formal,,,,0.28,
noul,28,llm_plain,,,,0.21,0.87
noul_ns,28,llm_plain,,,,0.23,
noul,28,llm_styled,,,,0.16,0.91
noul_ns,28,llm_styled,,,,0.22,
noul,28,partner,,,,0.33,0.77
pair,29,formal,0.0,0.92,0.84,,
pair,29,formal,1.0,0.93,0.85,,
pair,29,llm_plain,0.0,0.2,0.6,,
pair,29,llm_plain,1.0,0.17,0.66,,
pair,29,llm_styled,0.0,0.22,0.56,,
pair,29,llm_styled,1.0,0.11,0.78,,
pair,29,partner,0.0,0.55,0.1,,
pair,29,partner,1.0,0.5,0.0,,
noul,29,real,,,,0.27,0.86
noul_ns,29,real,,,,0.13,
noul,29,formal,,,,0.38,0.79
noul_ns,29,formal,,,,0.14,
noul,29,llm_plain,,,,0.24,0.89
noul_ns,29,llm_plain,,,,0.12,
noul,29,llm_styled,,,,0.25,0.88
noul_ns,29,llm_styled,,,,0.13,
noul,29,partner,,,,0.27,0.86
pair,30,formal,0.0,0.83,0.66,,
pair,30,formal,1.0,0.7,0.4,,
pair,30,llm_plain,0.0,0.64,0.27,,
pair,30,llm_plain,1.0,0.47,0.05,,
pair,30,llm_styled,0.0,0.6,0.2,,
pair,30,llm_styled,1.0,0.47,0.05,,
pair,30,partner,0.0,0.9,0.79,,
pair,30,partner,1.0,0.89,0.78,,
noul,30,real,,,,0.29,0.85
noul_ns,30,real,,,,0.18,
noul,30,formal,,,,0.34,0.84
noul_ns,30,formal,,,,0.14,
noul,30,llm_plain,,,,0.21,0.91
noul_ns,30,llm_plain,,,,0.12,
noul,30,llm_styled,,,,0.25,0.89
noul_ns,30,llm_styled,,,,0.1,
noul,30,partner,,,,0.58,0.59
pair,31,formal,0.0,0.78,0.57,,
pair,31,formal,1.0,0.57,0.14,,
pair,31,llm_plain,0.0,0.57,0.14,,
pair,31,llm_plain,1.0,0.53,0.06,,
pair,31,llm_styled,0.0,0.27,0.46,,
pair,31,llm_styled,1.0,0.22,0.57,,
pair,31,partner,0.0,0.73,0.47,,
pair,31,partner,1.0,0.7,0.41,,
noul,31,real,,,,0.22,0.83
noul_ns,31,real,,,,0.14,
noul,31,formal,,,,0.25,0.81
noul_ns,31,formal,,,,0.15,
noul,31,llm_plain,,,,0.25,0.77
noul_ns,31,llm_plain,,,,0.14,
noul,31,llm_styled,,,,0.19,0.86
noul_ns,31,llm_styled,,,,0.12,
noul,31,partner,,,,0.25,0.8
pair,32,formal,0.0,0.9,0.79,,
pair,32,formal,1.0,0.91,0.82,,
pair,32,llm_plain,0.0,0.35,0.3,,
pair,32,llm_plain,1.0,0.58,0.15,,
pair,32,llm_styled,0.0,0.84,0.67,,
pair,32,llm_styled,1.0,0.82,0.63,,
pair,32,partner,0.0,0.59,0.19,,
pair,32,partner,1.0,0.57,0.14,,
noul,32,real,,,,0.29,0.75
noul_ns,32,real,,,,0.2,
noul,32,formal,,,,0.35,0.62
noul_ns,32,formal,,,,0.24,
noul,32,llm_plain,,,,0.23,0.77
noul_ns,32,llm_plain,,,,0.18,
noul,32,llm_styled,,,,0.37,0.55
noul_ns,32,llm_styled,,,,0.19,
noul,32,partner,,,,0.22,0.7
pair,33,formal,0.0,0.98,0.96,,
pair,33,formal,1.0,0.94,0.87,,
pair,33,llm_plain,0.0,0.34,0.31,,
pair,33,llm_plain,1.0,0.26,0.48,,
pair,33,llm_styled,0.0,0.18,0.64,,
pair,33,llm_styled,1.0,0.12,0.75,,
pair,33,partner,0.0,0.65,0.29,,
pair,33,partner,1.0,0.4,0.19,,
noul,33,real,,,,0.25,0.82
noul_ns,33,real,,,,0.15,
noul,33,formal,,,,0.41,0.47
noul_ns,33,formal,,,,0.18,
noul,33,llm_plain,,,,0.36,0.85
noul_ns,33,llm_plain,,,,0.18,
noul,33,llm_styled,,,,0.32,0.9
noul_ns,33,llm_styled,,,,0.14,
noul,33,partner,,,,0.26,0.82
pair,34,formal,0.0,0.94,0.87,,
pair,34,formal,1.0,0.88,0.75,,
pair,34,llm_plain,0.0,0.44,0.11,,
pair,34,llm_plain,1.0,0.27,0.45,,
pair,34,llm_styled,0.0,0.4,0.2,,
pair,34,llm_styled,1.0,0.2,0.6,,
pair,34,partner,0.0,0.68,0.37,,
pair,34,partner,1.0,0.57,0.15,,
noul,34,real,,,,0.22,0.75
noul_ns,34,real,,,,0.12,
noul,34,formal,,,,0.33,0.66
noul_ns,34,formal,,,,0.11,
noul,34,llm_plain,,,,0.2,0.79
noul_ns,34,llm_plain,,,,0.13,
noul,34,llm_styled,,,,0.2,0.83
noul_ns,34,llm_styled,,,,0.1,
noul,34,partner,,,,0.17,0.76
pair,35,formal,0.0,0.92,0.83,,
pair,35,formal,1.0,0.91,0.82,,
pair,35,llm_plain,0.0,0.74,0.48,,
pair,35,llm_plain,1.0,0.89,0.77,,
pair,35,llm_styled,0.0,0.42,0.17,,
pair,35,llm_styled,1.0,0.48,0.04,,
pair,35,partner,0.0,0.93,0.85,,
pair,35,partner,1.0,0.9,0.8,,
noul,35,real,,,,0.33,0.81
noul_ns,35,real,,,,0.25,
noul,35,formal,,,,0.42,0.6
noul_ns,35,formal,,,,0.25,
noul,35,llm_plain,,,,0.43,0.87
noul_ns,35,llm_plain,,,,0.27,
noul,35,llm_styled,,,,0.3,0.88
noul_ns,35,llm_styled,,,,0.25,
noul,35,partner,,,,0.36,0.49
pair,36,formal,0.0,0.92,0.84,,
pair,36,formal,1.0,0.93,0.86,,
pair,36,llm_plain,0.0,0.35,0.31,,
pair,36,llm_plain,1.0,0.2,0.6,,
pair,36,llm_styled,0.0,0.31,0.38,,
pair,36,llm_styled,1.0,0.34,0.32,,
pair,36,partner,0.0,0.58,0.16,,
pair,36,partner,1.0,0.55,0.1,,
noul,36,real,,,,0.3,0.71
noul_ns,36,real,,,,0.15,
noul,36,formal,,,,0.51,0.39
noul_ns,36,formal,,,,0.2,
noul,36,llm_plain,,,,0.27,0.84
noul_ns,36,llm_plain,,,,0.15,
noul,36,llm_styled,,,,0.23,0.84
noul_ns,36,llm_styled,,,,0.14,
noul,36,partner,,,,0.31,0.69
pair,37,formal,0.0,0.95,0.9,,
pair,37,formal,1.0,0.94,0.89,,
pair,37,llm_plain,0.0,0.84,0.68,,
pair,37,llm_plain,1.0,0.86,0.71,,
pair,37,llm_styled,0.0,0.23,0.55,,
pair,37,llm_styled,1.0,0.19,0.62,,
pair,37,partner,0.0,0.89,0.79,,
pair,37,partner,1.0,0.84,0.68,,
noul,37,real,,,,0.49,0.81
noul_ns,37,real,,,,0.5,
noul,37,formal,,,,0.59,0.6
noul_ns,37,formal,,,,0.59,
noul,37,llm_plain,,,,0.47,0.71
noul_ns,37,llm_plain,,,,0.32,
noul,37,llm_styled,,,,0.24,0.88
noul_ns,37,llm_styled,,,,0.14,
noul,37,partner,,,,0.58,0.53
pair,38,formal,0.0,0.96,0.91,,
pair,38,formal,1.0,0.77,0.55,,
pair,38,llm_plain,0.0,0.51,0.01,,
pair,38,llm_plain,1.0,0.5,0.0,,
pair,38,llm_styled,0.0,0.32,0.35,,
pair,38,llm_styled,1.0,0.4,0.21,,
pair,38,partner,0.0,0.97,0.94,,
pair,38,partner,1.0,0.75,0.5,,
noul,38,real,,,,0.18,0.87
noul_ns,38,real,,,,0.14,
noul,38,formal,,,,0.36,0.44
noul_ns,38,formal,,,,0.2,
noul,38,llm_plain,,,,0.26,0.83
noul_ns,38,llm_plain,,,,0.16,
noul,38,llm_styled,,,,0.27,0.85
noul_ns,38,llm_styled,,,,0.18,
noul,38,partner,,,,0.33,0.73
pair,39,formal,0.0,0.96,0.91,,
pair,39,formal,1.0,0.94,0.87,,
pair,39,llm_plain,0.0,0.78,0.56,,
pair,39,llm_plain,1.0,0.77,0.53,,
pair,39,llm_styled,0.0,0.32,0.36,,
pair,39,llm_styled,1.0,0.16,0.67,,
pair,39,partner,0.0,0.79,0.58,,
pair,39,partner,1.0,0.69,0.38,,
noul,39,real,,,,0.21,0.91
noul_ns,39,real,,,,0.15,
noul,39,formal,,,,0.38,0.79
noul_ns,39,formal,,,,0.17,
noul,39,llm_plain,,,,0.35,0.88
noul_ns,39,llm_plain,,,,0.21,
noul,39,llm_styled,,,,0.2,0.93
noul_ns,39,llm_styled,,,,0.15,
noul,39,partner,,,,0.32,0.85
pair,40,formal,0.0,0.91,0.83,,
pair,40,formal,1.0,0.9,0.8,,
pair,40,llm_plain,0.0,0.02,0.96,,
pair,40,llm_plain,1.0,0.02,0.97,,
pair,40,llm_styled,0.0,0.03,0.93,,
pair,40,llm_styled,1.0,0.02,0.96,,
pair,40,partner,0.0,0.18,0.63,,
pair,40,partner,1.0,0.11,0.79,,
noul,40,real,,,,0.65,0.61
noul_ns,40,real,,,,0.52,
noul,40,formal,,,,0.63,0.42
noul_ns,40,formal,,,,0.5,
noul,40,llm_plain,,,,0.32,0.9
noul_ns,40,llm_plain,,,,0.18,
noul,40,llm_styled,,,,0.31,0.87
noul_ns,40,llm_styled,,,,0.16,
noul,40,partner,,,,0.46,0.76
pair,41,formal,0.0,0.85,0.69,,
pair,41,formal,1.0,0.96,0.91,,
pair,41,llm_plain,0.0,0.26,0.48,,
pair,41,llm_plain,1.0,0.23,0.55,,
pair,41,llm_styled,0.0,0.34,0.32,,
pair,41,llm_styled,1.0,0.22,0.57,,
pair,41,partner,0.0,0.64,0.28,,
pair,41,partner,1.0,0.66,0.33,,
noul,41,real,,,,0.24,0.84
noul_ns,41,real,,,,0.13,
noul,41,formal,,,,0.24,0.81
noul_ns,41,formal,,,,0.12,
noul,41,llm_plain,,,,0.24,0.88
noul_ns,41,llm_plain,,,,0.15,
noul,41,llm_styled,,,,0.3,0.85
noul_ns,41,llm_styled,,,,0.15,
noul,41,partner,,,,0.31,0.81
pair,42,formal,0.0,0.94,0.88,,
pair,42,formal,1.0,0.81,0.63,,
pair,42,llm_plain,0.0,0.84,0.69,,
pair,42,llm_plain,1.0,0.72,0.44,,
pair,42,llm_styled,0.0,0.6,0.19,,
pair,42,llm_styled,1.0,0.53,0.07,,
pair,42,partner,0.0,0.78,0.57,,
pair,42,partner,1.0,0.75,0.49,,
noul,42,real,,,,0.27,0.9
noul_ns,42,real,,,,0.18,
noul,42,formal,,,,0.28,0.85
noul_ns,42,formal,,,,0.17,
noul,42,llm_plain,,,,0.3,0.86
noul_ns,42,llm_plain,,,,0.18,
noul,42,llm_styled,,,,0.25,0.89
noul_ns,42,llm_styled,,,,0.12,
noul,42,partner,,,,0.29,0.84
pair,43,formal,0.0,0.93,0.85,,
pair,43,formal,1.0,0.82,0.64,,
pair,43,llm_plain,0.0,0.51,0.01,,
pair,43,llm_plain,1.0,0.27,0.46,,
pair,43,llm_styled,0.0,0.46,0.08,,
pair,43,llm_styled,1.0,0.17,0.66,,
pair,43,partner,0.0,0.64,0.27,,
pair,43,partner,1.0,0.27,0.47,,
noul,43,real,,,,0.32,0.85
noul_ns,43,real,,,,0.14,
noul,43,formal,,,,0.44,0.73
noul_ns,43,formal,,,,0.14,
noul,43,llm_plain,,,,0.28,0.87
noul_ns,43,llm_plain,,,,0.09,
noul,43,llm_styled,,,,0.21,0.87
noul_ns,43,llm_styled,,,,0.07,
noul,43,partner,,,,0.31,0.86
pair,44,formal,0.0,0.98,0.95,,
pair,44,formal,1.0,0.98,0.95,,
pair,44,llm_plain,0.0,0.98,0.95,,
pair,44,llm_plain,1.0,0.98,0.97,,
pair,44,llm_styled,0.0,0.29,0.42,,
pair,44,llm_styled,1.0,0.26,0.49,,
pair,44,partner,0.0,0.93,0.85,,
pair,44,partner,1.0,0.83,0.67,,
noul,44,real,,,,0.17,0.79
noul_ns,44,real,,,,0.1,
noul,44,formal,,,,0.24,0.66
noul_ns,44,formal,,,,0.11,
noul,44,llm_plain,,,,0.26,0.63
noul_ns,44,llm_plain,,,,0.13,
noul,44,llm_styled,,,,0.28,0.92
noul_ns,44,llm_styled,,,,0.12,
noul,44,partner,,,,0.27,0.76
pair,45,formal,0.0,0.97,0.94,,
pair,45,formal,1.0,0.86,0.71,,
pair,45,llm_plain,0.0,0.42,0.17,,
pair,45,llm_plain,1.0,0.25,0.5,,
pair,45,llm_styled,0.0,0.63,0.25,,
pair,45,llm_styled,1.0,0.14,0.72,,
pair,45,partner,0.0,0.83,0.66,,
pair,45,partner,1.0,0.78,0.56,,
noul,45,real,,,,0.26,0.84
noul_ns,45,real,,,,0.12,
noul,45,formal,,,,0.31,0.73
noul_ns,45,formal,,,,0.13,
noul,45,llm_plain,,,,0.29,0.82
noul_ns,45,llm_plain,,,,0.15,
noul,45,llm_styled,,,,0.28,0.82
noul_ns,45,llm_styled,,,,0.12,
noul,45,partner,,,,0.35,0.7
pair,46,formal,0.0,0.97,0.95,,
pair,46,formal,1.0,0.82,0.65,,
pair,46,llm_plain,0.0,0.96,0.93,,
pair,46,llm_plain,1.0,0.89,0.79,,
pair,46,llm_styled,0.0,0.89,0.78,,
pair,46,llm_styled,1.0,0.48,0.05,,
pair,46,partner,0.0,0.9,0.8,,
pair,46,partner,1.0,0.8,0.6,,
noul,46,real,,,,0.25,0.83
noul_ns,46,real,,,,0.18,
noul,46,formal,,,,0.25,0.79
noul_ns,46,formal,,,,0.2,
noul,46,llm_plain,,,,0.31,0.74
noul_ns,46,llm_plain,,,,0.17,
noul,46,llm_styled,,,,0.22,0.82
noul_ns,46,llm_styled,,,,0.15,
noul,46,partner,,,,0.3,0.77
pair,47,formal,0.0,1.0,0.99,,
pair,47,formal,1.0,0.97,0.93,,
pair,47,llm_plain,0.0,0.78,0.56,,
pair,47,llm_plain,1.0,0.56,0.13,,
pair,47,llm_styled,0.0,0.6,0.2,,
pair,47,llm_styled,1.0,0.41,0.18,,
pair,47,partner,0.0,0.77,0.54,,
pair,47,partner,1.0,0.82,0.64,,
noul,47,real,,,,0.25,0.9
noul_ns,47,real,,,,0.14,
noul,47,formal,,,,0.45,0.65
noul_ns,47,formal,,,,0.15,
noul,47,llm_plain,,,,0.28,0.87
noul_ns,47,llm_plain,,,,0.14,
noul,47,llm_styled,,,,0.23,0.9
noul_ns,47,llm_styled,,,,0.13,
noul,47,partner,,,,0.3,0.79
pair,48,formal,0.0,0.82,0.65,,
pair,48,formal,1.0,0.86,0.73,,
pair,48,llm_plain,0.0,0.2,0.61,,
pair,48,llm_plain,1.0,0.08,0.84,,
pair,48,llm_styled,0.0,0.08,0.84,,
pair,48,llm_styled,1.0,0.04,0.91,,
pair,48,partner,0.0,0.4,0.2,,
pair,48,partner,1.0,0.4,0.21,,
noul,48,real,,,,0.49,0.52
noul_ns,48,real,,,,0.2,
noul,48,formal,,,,0.55,0.41
noul_ns,48,formal,,,,0.23,
noul,48,llm_plain,,,,0.3,0.78
noul_ns,48,llm_plain,,,,0.18,
noul,48,llm_styled,,,,0.2,0.89
noul_ns,48,llm_styled,,,,0.14,
noul,48,partner,,,,0.4,0.46
pair,49,formal,0.0,0.95,0.9,,
pair,49,formal,1.0,0.88,0.76,,
pair,49,llm_plain,0.0,0.53,0.05,,
pair,49,llm_plain,1.0,0.17,0.66,,
pair,49,llm_styled,0.0,0.22,0.56,,
pair,49,llm_styled,1.0,0.08,0.85,,
pair,49,partner,0.0,0.97,0.95,,
pair,49,partner,1.0,0.96,0.91,,
noul,49,real,,,,0.26,0.92
noul_ns,49,real,,,,0.11,
noul,49,formal,,,,0.3,0.91
noul_ns,49,formal,,,,0.12,
noul,49,llm_plain,,,,0.25,0.92
noul_ns,49,llm_plain,,,,0.13,
noul,49,llm_styled,,,,0.25,0.94
noul_ns,49,llm_styled,,,,0.14,
noul,49,partner,,,,0.28,0.83
pair,50,formal,0.0,0.76,0.53,,
pair,50,formal,1.0,0.26,0.48,,
pair,50,llm_plain,0.0,0.79,0.59,,
pair,50,llm_plain,1.0,0.72,0.44,,
pair,50,llm_styled,0.0,0.03,0.94,,
pair,50,llm_styled,1.0,0.01,0.97,,
pair,50,partner,0.0,0.65,0.31,,
pair,50,partner,1.0,0.73,0.47,,
noul,50,real,,,,0.47,0.78
noul_ns,50,real,,,,0.19,
noul,50,formal,,,,0.44,0.76
noul_ns,50,formal,,,,0.2,
noul,50,llm_plain,,,,0.4,0.75
noul_ns,50,llm_plain,,,,0.15,
noul,50,llm_styled,,,,0.37,0.88
noul_ns,50,llm_styled,,,,0.18,
noul,50,partner,,,,0.71,0.65
pair,51,formal,0.0,0.49,0.01,,
pair,51,formal,1.0,0.56,0.11,,
pair,51,llm_plain,0.0,0.27,0.46,,
pair,51,llm_plain,1.0,0.22,0.56,,
pair,51,llm_styled,0.0,0.32,0.35,,
pair,51,llm_styled,1.0,0.21,0.58,,
pair,51,partner,0.0,0.57,0.14,,
pair,51,partner,1.0,0.53,0.05,,
noul,51,real,,,,0.33,0.78
noul_ns,51,real,,,,0.2,
noul,51,formal,,,,0.37,0.8
noul_ns,51,formal,,,,0.21,
noul,51,llm_plain,,,,0.36,0.83
noul_ns,51,llm_plain,,,,0.17,
noul,51,llm_styled,,,,0.34,0.81
noul_ns,51,llm_styled,,,,0.2,
noul,51,partner,,,,0.37,0.73
pair,52,formal,0.0,0.88,0.76,,
pair,52,formal,1.0,0.84,0.68,,
pair,52,llm_plain,0.0,0.68,0.35,,
pair,52,llm_plain,1.0,0.74,0.47,,
pair,52,llm_styled,0.0,0.58,0.16,,
pair,52,llm_styled,1.0,0.52,0.05,,
pair,52,partner,0.0,0.63,0.26,,
pair,52,partner,1.0,0.8,0.6,,
noul,52,real,,,,0.24,0.89
noul_ns,52,real,,,,0.1,
noul,52,formal,,,,0.31,0.79
noul_ns,52,formal,,,,0.11,
noul,52,llm_plain,,,,0.17,0.87
noul_ns,52,llm_plain,,,,0.1,
noul,52,llm_styled,,,,0.17,0.9
noul_ns,52,llm_styled,,,,0.1,
noul,52,partner,,,,0.27,0.82
pair,53,formal,0.0,0.91,0.81,,
pair,53,formal,1.0,0.85,0.69,,
pair,53,llm_plain,0.0,0.33,0.34,,
pair,53,llm_plain,1.0,0.27,0.45,,
pair,53,llm_styled,0.0,0.2,0.6,,
pair,53,llm_styled,1.0,0.13,0.74,,
pair,53,partner,0.0,0.61,0.22,,
pair,53,partner,1.0,0.57,0.13,,
noul,53,real,,,,0.42,0.84
noul_ns,53,real,,,,0.45,
noul,53,formal,,,,0.54,0.7
noul_ns,53,formal,,,,0.46,
noul,53,llm_plain,,,,0.31,0.88
noul_ns,53,llm_plain,,,,0.28,
noul,53,llm_styled,,,,0.29,0.9
noul_ns,53,llm_styled,,,,0.3,
noul,53,partner,,,,0.65,0.73
pair,54,formal,0.0,0.99,0.98,,
pair,54,formal,1.0,0.95,0.9,,
pair,54,llm_plain,0.0,0.44,0.12,,
pair,54,llm_plain,1.0,0.25,0.49,,
pair,54,llm_styled,0.0,0.28,0.43,,
pair,54,llm_styled,1.0,0.21,0.58,,
pair,54,partner,0.0,0.95,0.9,,
pair,54,partner,1.0,0.97,0.95,,
noul,54,real,,,,0.16,0.83
noul_ns,54,real,,,,0.12,
noul,54,formal,,,,0.31,0.47
noul_ns,54,formal,,,,0.14,
noul,54,llm_plain,,,,0.26,0.8
noul_ns,54,llm_plain,,,,0.19,
noul,54,llm_styled,,,,0.2,0.85
noul_ns,54,llm_styled,,,,0.12,
noul,54,partner,,,,0.37,0.55
pair,55,formal,0.0,0.8,0.6,,
pair,55,formal,1.0,0.55,0.11,,
pair,55,llm_plain,0.0,0.08,0.83,,
pair,55,llm_plain,1.0,0.11,0.77,,
pair,55,llm_styled,0.0,0.06,0.88,,
pair,55,llm_styled,1.0,0.03,0.94,,
pair,55,partner,0.0,0.41,0.19,,
pair,55,partner,1.0,0.43,0.14,,
noul,55,real,,,,0.24,0.69
noul_ns,55,real,,,,0.12,
noul,55,formal,,,,0.32,0.57
noul_ns,55,formal,,,,0.12,
noul,55,llm_plain,,,,0.25,0.74
noul_ns,55,llm_plain,,,,0.11,
noul,55,llm_styled,,,,0.31,0.91
noul_ns,55,llm_styled,,,,0.13,
noul,55,partner,,,,0.27,0.73
pair,56,formal,0.0,0.96,0.93,,
pair,56,formal,1.0,0.91,0.82,,
pair,56,llm_plain,0.0,0.82,0.65,,
pair,56,llm_plain,1.0,0.62,0.25,,
pair,56,llm_styled,0.0,0.27,0.46,,
pair,56,llm_styled,1.0,0.19,0.61,,
pair,56,partner,0.0,0.41,0.17,,
pair,56,partner,1.0,0.29,0.42,,
noul,56,real,,,,0.39,0.84
noul_ns,56,real,,,,0.4,
noul,56,formal,,,,0.52,0.46
noul_ns,56,formal,,,,0.49,
noul,56,llm_plain,,,,0.41,0.81
noul_ns,56,llm_plain,,,,0.44,
noul,56,llm_styled,,,,0.31,0.9
noul_ns,56,llm_styled,,,,0.44,
noul,56,partner,,,,0.4,0.86
pair,57,formal,0.0,0.92,0.84,,
pair,57,formal,1.0,0.89,0.78,,
pair,57,llm_plain,0.0,0.25,0.5,,
pair,57,llm_plain,1.0,0.22,0.56,,
pair,57,llm_styled,0.0,0.1,0.79,,
pair,57,llm_styled,1.0,0.12,0.76,,
pair,57,partner,0.0,0.34,0.32,,
pair,57,partner,1.0,0.36,0.29,,
noul,57,real,,,,0.24,0.53
noul_ns,57,real,,,,0.12,
noul,57,formal,,,,0.36,0.36
noul_ns,57,formal,,,,0.16,
noul,57,llm_plain,,,,0.21,0.67
noul_ns,57,llm_plain,,,,0.1,
noul,57,llm_styled,,,,0.27,0.78
noul_ns,57,llm_styled,,,,0.12,
noul,57,partner,,,,0.31,0.75
pair,58,formal,0.0,0.9,0.79,,
pair,58,formal,1.0,0.9,0.81,,
pair,58,llm_plain,0.0,0.35,0.3,,
pair,58,llm_plain,1.0,0.18,0.64,,
pair,58,llm_styled,0.0,0.8,0.6,,
pair,58,llm_styled,1.0,0.75,0.51,,
pair,58,partner,0.0,0.76,0.52,,
pair,58,partner,1.0,0.67,0.34,,
noul,58,real,,,,0.22,0.86
noul_ns,58,real,,,,0.11,
noul,58,formal,,,,0.26,0.75
noul_ns,58,formal,,,,0.11,
noul,58,llm_plain,,,,0.2,0.88
noul_ns,58,llm_plain,,,,0.11,
noul,58,llm_styled,,,,0.37,0.8
noul_ns,58,llm_styled,,,,0.14,
noul,58,partner,,,,0.23,0.8
pair,59,formal,0.0,0.81,0.62,,
pair,59,formal,1.0,0.5,0.0,,
pair,59,llm_plain,0.0,0.51,0.03,,
pair,59,llm_plain,1.0,0.46,0.07,,
pair,59,llm_styled,0.0,0.45,0.11,,
pair,59,llm_styled,1.0,0.49,0.02,,
pair,59,partner,0.0,0.88,0.75,,
pair,59,partner,1.0,0.96,0.92,,
noul,59,real,,,,0.21,0.87
noul_ns,59,real,,,,0.12,
noul,59,formal,,,,0.23,0.86
noul_ns,59,formal,,,,0.12,
noul,59,llm_plain,,,,0.25,0.87
noul_ns,59,llm_plain,,,,0.15,
noul,59,llm_styled,,,,0.23,0.9
noul_ns,59,llm_styled,,,,0.14,
noul,59,partner,,,,0.31,0.71
