conv_id,n_turns,q_share_max,chars_share_max,q_rate,q_asym,char_asym,sess_len_mean,sess_len_median,ret_rate,same_asker_talker,n_q,eng_mean,topic_init_share_max,topic_share_a,q_share_a,char_share_a
conv001,32,0.5,0.554122265844083,0.25,0.0,0.10824453168816602,32.0,32.0,0.375,False,8,2.5190625,0.75,0.75,0.5,0.554122265844083
conv002,50,0.8,0.6027658559847401,0.1,0.6,0.2055317119694802,50.0,50.0,0.2,True,5,1.696,0.5714285714285714,0.42857142857142855,0.2,0.3972341440152599
conv003,39,0.8666666666666667,0.6584292484766419,0.38461538461538464,0.7333333333333333,0.31685849695328366,39.0,39.0,0.06666666666666667,True,15,2.5738461538461537,0.5,0.5,0.13333333333333333,0.34157075152335814
conv004,60,0.6923076923076923,0.5931571815718157,0.21666666666666667,0.38461538461538464,0.18631436314363142,60.0,60.0,0.5384615384615384,False,13,1.7805,0.6666666666666666,0.6666666666666666,0.3076923076923077,0.5931571815718157
conv006,89,0.6,0.5334657398212512,0.056179775280898875,0.2,0.06693147964250248,89.0,89.0,0.2,False,5,2.2364044943820223,0.625,0.375,0.6,0.46653426017874877
conv007,111,0.7142857142857143,0.5046856363946158,0.12612612612612611,0.42857142857142855,0.009371272789231555,111.0,111.0,0.07142857142857142,True,14,2.2263963963963964,0.5333333333333333,0.4666666666666667,0.2857142857142857,0.4953143636053842
conv008,82,0.6,0.501156961048978,0.18292682926829268,0.2,0.0023139220979560356,41.0,41.0,0.2,True,15,2.216219512195122,0.6666666666666666,0.3333333333333333,0.6,0.501156961048978
conv018,44,0.6,0.5563598759048604,0.11363636363636363,0.2,0.11271975180972078,44.0,44.0,0.2,True,5,2.8231818181818187,0.7272727272727273,0.7272727272727273,0.6,0.5563598759048604
conv019,99,0.9,0.5023584905660378,0.10101010101010101,0.8,0.0047169811320754715,99.0,99.0,0.1,True,10,2.1394949494949493,0.625,0.625,0.1,0.49764150943396224
conv020,64,0.6666666666666666,0.5910165484633569,0.1875,0.3333333333333333,0.18203309692671396,64.0,64.0,0.0,False,12,1.92203125,0.6666666666666666,0.6666666666666666,0.3333333333333333,0.5910165484633569
conv022,52,0.5384615384615384,0.5424137931034483,0.25,0.07692307692307693,0.08482758620689655,52.0,52.0,0.23076923076923078,False,13,1.9575,1.0,1.0,0.46153846153846156,0.5424137931034483
conv023,133,0.5,0.5051136363636364,0.18045112781954886,0.0,0.010227272727272727,133.0,133.0,0.08333333333333333,False,24,2.5019548872180453,0.5454545454545454,0.5454545454545454,0.5,0.5051136363636364
conv025,70,1.0,0.5716107097322567,0.08571428571428572,1.0,0.1432214194645134,70.0,70.0,0.16666666666666666,False,6,2.498,0.6666666666666666,0.6666666666666666,0.0,0.5716107097322567
conv027,43,0.5263157894736842,0.5555555555555556,0.4418604651162791,0.05263157894736842,0.1111111111111111,21.5,21.5,0.3684210526315789,False,19,1.5125581395348835,0.6666666666666666,0.6666666666666666,0.5263157894736842,0.4444444444444444
conv031,143,0.6666666666666666,0.572336796402543,0.14685314685314685,0.3333333333333333,0.14467359280508607,143.0,143.0,0.047619047619047616,True,21,1.8246853146853144,0.5185185185185185,0.5185185185185185,0.6666666666666666,0.572336796402543
conv032,58,0.5,0.5206306608520631,0.034482758620689655,0.0,0.04126132170412613,58.0,58.0,0.0,False,2,1.8570689655172412,0.5,0.5,0.5,0.5206306608520631
conv033,48,0.6666666666666666,0.5981384055038446,0.125,0.3333333333333333,0.1962768110076892,48.0,48.0,0.5,True,6,2.0445833333333336,0.7692307692307693,0.7692307692307693,0.6666666666666666,0.5981384055038446
conv042,135,1.0,0.5760974046779879,0.044444444444444446,1.0,0.15219480935597565,135.0,135.0,0.0,True,6,1.9828888888888885,0.5555555555555556,0.5555555555555556,0.0,0.4239025953220122
conv045,75,0.8,0.5181536729524345,0.2,0.6,0.03630734590486912,75.0,75.0,0.06666666666666667,False,15,2.072666666666667,0.7777777777777778,0.7777777777777778,0.8,0.4818463270475654
conv049,54,0.0,0.5952306244116724,0.0,0.0,0.19046124882334484,27.0,27.0,0.0,False,0,2.2255555555555557,0.6470588235294118,0.6470588235294118,0.0,0.5952306244116724
conv054,62,0.7142857142857143,0.7058356490670901,0.11290322580645161,0.42857142857142855,0.41167129813418024,62.0,62.0,0.0,False,7,2.0019354838709678,0.6363636363636364,0.6363636363636364,0.2857142857142857,0.7058356490670901
conv063,60,1.0,0.5376106194690266,0.03333333333333333,1.0,0.0752212389380531,60.0,60.0,0.0,False,2,1.4316666666666669,0.5833333333333334,0.5833333333333334,1.0,0.46238938053097345
conv065,58,0.5,0.5217777777777778,0.034482758620689655,0.0,0.043555555555555556,58.0,58.0,0.0,True,2,1.5618965517241379,0.6,0.6,0.5,0.4782222222222222
conv066,55,1.0,0.5015045135406219,0.01818181818181818,1.0,0.003009027081243731,55.0,55.0,0.0,True,1,1.7992727272727271,0.6666666666666666,0.6666666666666666,1.0,0.5015045135406219
conv068,56,0.5,0.5415730337078651,0.03571428571428571,0.0,0.08314606741573034,56.0,56.0,0.0,False,2,1.905,0.625,0.625,0.5,0.5415730337078651
conv070,89,0.6666666666666666,0.5184119677790564,0.033707865168539325,0.3333333333333333,0.03682393555811277,89.0,89.0,0.0,True,3,1.7602247191011235,0.5,0.5,0.6666666666666666,0.5184119677790564
conv072,20,0.0,0.5127020785219399,0.0,0.0,0.025404157043879907,20.0,20.0,0.0,True,0,,,,,
conv075,61,0.0,0.5160944206008584,0.0,0.0,0.032188841201716736,61.0,61.0,0.0,False,0,1.4947540983606555,0.7272727272727273,0.7272727272727273,0.0,0.5160944206008584
conv078,53,1.0,0.5388127853881278,0.018867924528301886,1.0,0.0776255707762557,53.0,53.0,0.0,True,1,2.1715094339622643,0.7,0.7,1.0,0.5388127853881278
conv079,73,0.5,0.5171875,0.0547945205479452,0.0,0.034375,73.0,73.0,0.0,False,4,2.566027397260274,0.8,0.8,0.5,0.5171875
conv081,82,0.75,0.527479469361971,0.04878048780487805,0.5,0.054958938723941884,82.0,82.0,0.0,False,4,1.7307317073170734,0.6363636363636364,0.36363636363636365,0.75,0.47252053063802907
conv082,81,1.0,0.5298094652735095,0.037037037037037035,1.0,0.059618930547019056,81.0,81.0,0.0,True,3,1.9924691358024689,0.5714285714285714,0.5714285714285714,1.0,0.5298094652735095
conv083,57,1.0,0.5304948216340621,0.017543859649122806,1.0,0.06098964326812428,57.0,57.0,0.0,True,1,1.6182456140350876,0.7777777777777778,0.7777777777777778,1.0,0.5304948216340621
conv084,58,1.0,0.5133795837462835,0.017241379310344827,1.0,0.026759167492566897,58.0,58.0,0.0,True,1,1.928793103448276,0.6666666666666666,0.6666666666666666,1.0,0.5133795837462835
conv086,54,1.0,0.5362210604929052,0.037037037037037035,1.0,0.07244212098581031,54.0,54.0,0.0,True,2,2.0455555555555556,0.6666666666666666,0.6666666666666666,1.0,0.5362210604929052
conv088,58,0.6666666666666666,0.5346232179226069,0.05172413793103448,0.3333333333333333,0.06924643584521385,58.0,58.0,0.0,True,3,1.7056896551724139,0.625,0.625,0.3333333333333333,0.4653767820773931
conv089,61,0.6666666666666666,0.5439938791124713,0.04918032786885246,0.3333333333333333,0.08798775822494262,61.0,61.0,0.0,True,3,2.182622950819672,0.7142857142857143,0.7142857142857143,0.6666666666666666,0.5439938791124713
conv090,90,0.6,0.501432664756447,0.05555555555555555,0.2,0.0028653295128939827,90.0,90.0,0.0,False,5,2.249777777777778,0.5555555555555556,0.4444444444444444,0.6,0.498567335243553
conv091,89,0.6666666666666666,0.5011904761904762,0.033707865168539325,0.3333333333333333,0.002380952380952381,89.0,89.0,0.0,False,3,1.7685393258426967,0.5,0.5,0.6666666666666666,0.4988095238095238
conv092,69,0.5,0.5267770204479065,0.028985507246376812,0.0,0.053554040895813046,69.0,69.0,0.0,False,2,2.078260869565217,0.6666666666666666,0.6666666666666666,0.5,0.5267770204479065
conv093,49,0.5714285714285714,0.5063920454545454,0.14285714285714285,0.14285714285714285,0.01278409090909091,49.0,49.0,0.0,True,7,2.4559183673469387,0.5714285714285714,0.42857142857142855,0.5714285714285714,0.5063920454545454
conv095,55,1.0,0.5078125,0.05454545454545454,1.0,0.015625,55.0,55.0,0.0,True,3,1.8474545454545457,0.6666666666666666,0.3333333333333333,1.0,0.5078125
