corpus,conv_id,session,shape,n,rng,a,b,c,alt,sd,mean,serra,gap_speakers
maichat,conv001,0,oscilante_sem_tendencia,32,2.2653333333333334,2.2287666666666666,2.7314,2.610638888888889,0.5666666666666667,0.8860952240553777,2.5190625,False,0.3806250000000002
maichat,conv002,0,oscilante_sem_tendencia,50,1.5886666666666671,1.71134375,1.8303749999999999,1.5742407407407406,0.8333333333333334,0.6572914117801936,1.696,True,0.6912
maichat,conv003,0,sobe_e_cai,39,2.0086666666666675,2.5141153846153843,2.829076923076923,2.412333333333333,0.8648648648648649,0.9056535121246251,2.5738461538461537,True,1.0773157894736842
maichat,conv004,0,oscilante_sem_tendencia,60,2.0813333333333333,1.751625,1.8457000000000003,1.764933333333334,0.7586206896551724,0.7567549691500766,1.7805,True,0.02900000000000036
maichat,conv006,0,sobe_e_cai,89,1.7886666666666666,2.0272011494252875,2.5921379310344825,2.1193118279569894,0.6395348837209303,0.6684835214175192,2.2364044943820223,True,0.040373737373737395
maichat,conv007,0,decrescente,111,2.2620000000000005,2.4546666666666668,2.3054054054054056,1.9213873873873875,0.6513761467889908,0.8211459722453504,2.2263963963963964,True,0.19130194805194822
maichat,conv008,1,oscilante_sem_tendencia,81,1.3099999999999998,2.2398209876543214,2.138962962962963,2.334820987654321,0.7215189873417721,0.6567587711815146,2.239876543209877,True,0.2788109756097561
maichat,conv018,0,sobe_e_cai,44,2.3146666666666667,2.6202380952380957,3.259,2.62865625,0.7142857142857143,0.8757147022115259,2.8231818181818187,True,0.05181818181818176
maichat,conv019,0,oscilante_sem_tendencia,99,2.2813333333333334,2.1617929292929294,2.0543030303030303,2.2079292929292924,0.7395833333333334,0.738007656111739,2.1394949494949493,True,0.15616734693877588
maichat,conv020,0,oscilante_sem_tendencia,64,1.6393333333333335,1.7351746031746034,2.069428571428572,1.9810606060606064,0.6612903225806451,0.6894045884119409,1.92203125,True,0.12468750000000006
maichat,conv022,0,oscilante_sem_tendencia,52,2.074666666666667,1.6363039215686275,2.249294117647059,2.0200185185185187,0.5833333333333334,0.7852678989217138,1.9575,False,0.31961538461538463
maichat,conv023,0,oscilante_sem_tendencia,133,2.5879999999999996,2.694969696969697,2.369090909090909,2.4536222222222226,0.6412213740458015,0.8301910810455287,2.5019548872180453,True,0.21141112618724556
maichat,conv025,0,decrescente,70,1.8765,2.7523913043478263,2.4121739130434783,2.3501736111111113,0.75,0.7896085829610228,2.498,True,0.3331428571428572
maichat,conv027,1,oscilante_sem_tendencia,42,1.145333333333333,1.783547619047619,1.471,1.3937261904761906,0.7,0.6858416300404917,1.542142857142857,True,0.1757142857142857
maichat,conv031,0,oscilante_sem_tendencia,143,1.98,1.821698581560284,1.7081276595744677,1.9440374149659865,0.7142857142857143,0.736535838118752,1.8246853146853144,True,0.35281885758998466
maichat,conv032,0,sobe_e_cai,58,1.9133333333333336,1.796561403508772,2.0838947368421055,1.7039583333333332,0.8035714285714286,0.7351941067188327,1.8570689655172412,True,0.49689655172413816
maichat,conv033,0,oscilante_sem_tendencia,48,1.4794999999999998,1.9878229166666668,2.1313750000000002,2.0577083333333333,0.7608695652173914,0.6513606218695004,2.0445833333333336,True,0.44333333333333313
maichat,conv042,0,oscilante_sem_tendencia,135,2.3726666666666665,1.8524370370370373,2.0285333333333333,2.0679629629629632,0.6165413533834586,0.7893615485447639,1.9828888888888885,True,0.04937884108867441
maichat,conv045,0,oscilante_sem_tendencia,75,1.2360000000000002,2.02098,2.08768,2.1317733333333333,0.684931506849315,0.6209204636845385,2.072666666666667,True,0.10355618776671394
maichat,conv049,1,sobe_e_cai,53,1.946,2.1774019607843136,2.5771764705882356,2.0382631578947366,0.7058823529411765,0.7056200170074304,2.261509433962264,True,0.6953988603988606
maichat,conv054,0,oscilante_sem_tendencia,62,1.654666666666667,1.9479083333333331,2.083,1.9830151515151515,0.8,0.6283769125491212,2.0019354838709678,True,0.5632258064516131
maichat,conv063,0,decrescente,60,2.2520000000000002,1.8150166666666667,1.2117,1.2893500000000002,0.7068965517241379,0.6693782355456608,1.4316666666666669,True,0.048666666666666636
maichat,conv065,0,decrescente,58,1.4260000000000002,1.7458421052631579,1.8841052631578947,1.1060916666666667,0.5818181818181818,0.628672539333672,1.5618965517241379,False,0.05413793103448272
maichat,conv066,0,oscilante_sem_tendencia,55,1.3900000000000003,1.9174537037037038,1.9124444444444444,1.587640350877193,0.8113207547169812,0.7072735218504533,1.7992727272727271,True,0.33904761904761904
maichat,conv068,0,decrescente,56,1.784,2.079129629629629,2.0428888888888888,1.6100416666666668,0.7547169811320755,0.7032348723678923,1.905,True,0.5014285714285713
maichat,conv070,0,oscilante_sem_tendencia,89,1.83,1.5629310344827587,1.8714482758620692,1.853607526881721,0.7816091954022989,0.6227322499431863,1.7602247191011235,True,0.0022525252525253947
maichat,conv072,0,crescente,20,1.7399999999999998,1.4895833333333333,2.337666666666667,2.2796875,0.3888888888888889,0.7150613610033757,2.0515,False,0.19300000000000006
maichat,conv075,0,oscilante_sem_tendencia,61,1.5365000000000002,1.2286999999999997,1.6967999999999996,1.5518809523809525,0.847457627118644,0.6675686409291975,1.4947540983606555,True,0.4356989247311829
maichat,conv078,0,decrescente,53,1.7885,2.7670294117647063,1.92,1.8827456140350876,0.6666666666666666,0.6969783739002131,2.1715094339622643,True,0.002962962962963278
maichat,conv079,0,decrescente,73,2.0293333333333328,3.025034722222222,2.378833333333333,2.30674,0.6901408450704225,0.6616578177143688,2.566027397260274,True,0.34105105105105116
maichat,conv081,0,sobe_e_cai,82,1.69,1.3523950617283953,2.1837037037037033,1.6673035714285713,0.75,0.6950605877921457,1.7307317073170734,True,0.19073170731707334
maichat,conv082,0,decrescente,81,1.888,2.452444444444444,1.8001481481481483,1.746358024691358,0.6582278481012658,0.7339888162504484,1.9924691358024689,True,0.12934146341463437
maichat,conv083,0,sobe_e_cai,57,1.7346666666666666,1.4975350877192983,1.9368421052631577,1.4397543859649122,0.6851851851851852,0.6401264206471935,1.6182456140350876,True,0.07938423645320203
maichat,conv084,0,oscilante_sem_tendencia,58,2.1806666666666668,1.9998596491228071,2.011789473684211,1.7754916666666667,0.7321428571428571,0.7482993997569259,1.928793103448276,True,0.2589655172413794
maichat,conv086,0,oscilante_sem_tendencia,54,1.0726666666666667,2.008074074074074,1.9704444444444447,2.1794722222222225,0.75,0.5356569751825588,2.0455555555555556,False,0.47777777777777786
maichat,conv088,0,oscilante_sem_tendencia,58,1.306,1.7442280701754385,1.7034736842105263,1.678175,0.6181818181818182,0.5276954191673695,1.7056896551724139,False,0.23482758620689625
maichat,conv089,0,oscilante_sem_tendencia,61,1.5699999999999996,2.1897666666666664,2.1018,2.2647222222222223,0.7457627118644068,0.6372505018406895,2.182622950819672,True,0.3903548387096776
maichat,conv090,0,sobe_e_cai,90,1.8139999999999996,2.0464722222222225,2.5066666666666664,2.2117,0.6666666666666666,0.6785425193879039,2.249777777777778,True,0.14977777777777757
maichat,conv091,0,oscilante_sem_tendencia,89,1.3675,1.6461551724137926,1.918275862068966,1.7508655913978497,0.7241379310344828,0.6294255461263066,1.7685393258426967,True,0.04918686868686861
maichat,conv092,0,oscilante_sem_tendencia,69,2.1879999999999997,2.3228478260869565,1.9698260869565216,1.9446304347826087,0.6268656716417911,0.7373020864813002,2.078260869565217,True,0.1744789915966387
maichat,conv093,0,oscilante_sem_tendencia,49,1.1173333333333335,2.5763645833333335,2.32525,2.4940980392156864,0.8085106382978723,0.5677270052761128,2.4559183673469387,False,0.2794666666666661
maichat,conv095,0,sobe_e_cai,55,1.8593333333333333,1.6848703703703702,2.229444444444445,1.6597456140350877,0.7115384615384616,0.6705661602009243,1.8474545454545457,True,0.42768518518518506
whatsapp_nl,wa_M_002,1,oscilante_sem_tendencia,39,1.4720000000000002,2.1378076923076925,2.4589230769230768,2.5325256410256407,0.7297297297297297,0.7428078116861095,2.3517948717948722,True,0.20484210526315794
whatsapp_nl,wa_M_003,308,oscilante_sem_tendencia,16,1.123333333333333,2.9438333333333335,3.0416,3.079027777777778,0.6428571428571429,0.7648608431440324,3.0043750000000005,True,0.6437499999999998
whatsapp_nl,wa_M_003,310,cai_e_sobe,18,1.1119999999999999,2.7186944444444445,2.0006666666666666,2.296722222222222,0.8125,0.7243992828459002,2.348888888888889,True,0.2822222222222224
whatsapp_nl,wa_M_003,311,crescente,18,1.086666666666667,1.428388888888889,1.9833333333333334,1.8462222222222227,0.75,0.6198230034094858,1.7316666666666665,True,0.24111111111111128
whatsapp_nl,wa_M_004,18,oscilante_sem_tendencia,26,1.3906666666666665,2.5726458333333335,2.69125,2.283183333333333,0.6521739130434783,0.587688909575355,2.4857692307692307,False,0.2253846153846153
whatsapp_nl,wa_M_004,20,crescente,15,1.4426666666666663,1.3653666666666668,1.8687999999999998,2.2256,0.6923076923076923,1.000436349244113,1.7673333333333332,True,1.3201785714285714
whatsapp_nl,wa_M_004,21,sobe_e_cai,16,1.8780000000000001,2.147,3.2528000000000006,2.9377500000000007,0.7142857142857143,0.8848931785814602,2.75875,True,0.37749999999999995
whatsapp_nl,wa_M_005,3,decrescente,18,0.8804999999999998,1.8672222222222221,1.5876666666666666,1.4489166666666664,0.75,0.802200099725748,1.645,True,0.8411111111111111
whatsapp_nl,wa_M_005,8,sobe_e_cai,17,1.358,2.721733333333334,3.0016000000000003,2.1115,0.6666666666666666,0.991040835544259,2.517058823529412,True,0.40694444444444455
whatsapp_nl,wa_M_006,1,oscilante_sem_tendencia,29,1.2740000000000002,2.381555555555556,2.458666666666667,2.198363636363636,0.7407407407407407,0.7278257490954639,2.3327586206896553,True,0.6875238095238096
whatsapp_nl,wa_M_006,2,crescente,28,1.3900000000000003,1.5562592592592595,2.2795555555555556,2.1968833333333335,0.6538461538461539,0.7397754589007645,2.009642857142857,True,0.4207142857142854
whatsapp_nl,wa_M_007,0,decrescente,21,1.7433333333333336,2.547047619047619,2.4174285714285717,1.9385714285714286,0.6842105263157895,1.0930064220070954,2.305238095238095,True,1.056181818181818
whatsapp_nl,wa_M_007,1,crescente,20,1.1520000000000001,1.7875000000000003,1.7166666666666668,2.4426666666666668,0.7222222222222222,0.7954721868173645,2.0319999999999996,True,0.13999999999999968
whatsapp_nl,wa_M_008,104,sobe_e_cai,15,1.6854999999999998,1.8173000000000001,2.564,1.8182666666666667,0.9230769230769231,0.8842689384771781,2.055333333333333,True,0.7680357142857142
whatsapp_nl,wa_M_008,105,decrescente,12,1.2633333333333334,2.1175,2.3095,1.6019166666666667,0.7,0.7377155993711639,1.9858333333333338,True,0.2483333333333333
whatsapp_nl,wa_M_009,13,plana,13,0.3793333333333333,1.9392916666666666,1.7475,1.9679666666666666,0.5454545454545454,0.5933287901782938,1.9061538461538459,False,0.036190476190476106
whatsapp_nl,wa_M_009,14,crescente,22,1.0240000000000005,2.0376904761904764,1.8485714285714285,2.5013958333333335,0.6,0.6705080101949097,2.130909090909091,False,0.2618181818181817
whatsapp_nl,wa_M_009,15,sobe_e_cai,15,0.8479999999999999,1.095,1.526,1.2584,0.6923076923076923,0.5957590862831122,1.3233333333333335,False,0.10000000000000009
whatsapp_nl,wa_M_011,7,oscilante_sem_tendencia,16,0.6366666666666672,2.649966666666667,2.3247999999999998,2.362527777777778,0.7142857142857143,0.5201378272871529,2.449375,False,0.013749999999999929
whatsapp_nl,wa_M_011,10,sobe_e_cai,12,1.4160000000000001,2.338625,2.862,1.888,0.7,0.8493167188327856,2.2933333333333334,True,0.3733333333333331
whatsapp_nl,wa_M_012,0,decrescente,16,1.1419999999999997,2.6132666666666666,2.6764,2.0279722222222225,0.7142857142857143,0.8474555205879539,2.399375,True,0.8987499999999999
whatsapp_nl,wa_M_012,2,cai_e_sobe,15,1.1279999999999997,2.0736,1.4068,1.741766666666667,0.8461538461538461,0.6119607830572151,1.7319999999999998,True,0.7028571428571428
whatsapp_nl,wa_M_012,4,decrescente,15,1.0786666666666664,1.9179,1.8256000000000001,1.3792666666666666,0.5384615384615384,0.4998728727275455,1.687333333333333,False,0.026428571428571468
whatsapp_nl,wa_M_013,2,plana,15,0.532,1.8799333333333337,2.0460000000000003,1.7371666666666665,0.6153846153846154,0.4457124135084814,1.8993333333333335,False,0.2880357142857142
whatsapp_nl,wa_M_014,18,oscilante_sem_tendencia,15,0.6180000000000001,1.8542999999999998,1.9091999999999998,1.8497333333333335,0.7692307692307693,0.5857857021888541,1.881333333333333,False,0.2382142857142857
whatsapp_nl,wa_M_016,31,oscilante_sem_tendencia,19,0.7860000000000005,2.6090555555555555,2.452,2.510142857142857,0.7058823529411765,0.6288405546824222,2.4973684210526312,True,0.31533333333333324
whatsapp_nl,wa_M_017,1,crescente,18,1.6039999999999999,1.6452499999999999,2.300333333333333,2.434861111111111,0.6666666666666666,0.7118227775694359,2.115,True,0.012222222222221912
whatsapp_nl,wa_M_019,4,decrescente,24,1.2479999999999998,2.707,2.8585,2.1338125000000003,0.6818181818181818,0.8433263339630488,2.5458333333333334,True,0.32833333333333403
whatsapp_nl,wa_M_019,8,decrescente,22,1.4664999999999997,2.463904761904762,2.5605714285714285,1.8681875000000001,0.65,0.797297605085065,2.287272727272727,True,0.03090909090909122
whatsapp_nl,wa_M_021,13,oscilante_sem_tendencia,17,0.904666666666667,2.2700666666666662,2.1819999999999995,2.469238095238095,0.7333333333333333,0.760712195894544,2.3158823529411765,True,0.22263888888888905
whatsapp_nl,wa_M_023,6,crescente,27,1.388,1.373462962962963,1.6591111111111114,2.218166666666667,0.72,0.743721041556793,1.751111111111111,True,0.9668333333333334
whatsapp_nl,wa_M_023,7,decrescente,16,1.0859999999999999,2.600633333333333,2.0136000000000003,2.1413888888888892,0.7142857142857143,0.9009211865501888,2.216875,True,1.2733333333333328
whatsapp_nl,wa_M_024,32,oscilante_sem_tendencia,43,1.344,2.320821428571428,2.491,2.0145666666666666,0.7317073170731707,0.571787590994936,2.2772093023255815,False,0.25209956709956716
whatsapp_nl,wa_M_024,33,oscilante_sem_tendencia,16,0.6406666666666665,1.9677666666666664,2.3343999999999996,2.3072500000000002,0.7857142857142857,0.4408496767606845,2.21375,False,0.4624999999999999
whatsapp_nl,wa_M_025,8,crescente,18,1.1100000000000003,1.2996388888888888,1.243,1.8645555555555555,0.6875,0.7186855714547802,1.4672222222222222,True,0.3811111111111112
whatsapp_nl,wa_M_027,101,plana,13,0.5965000000000003,2.72775,2.744,2.3823,0.45454545454545453,0.43713429347575145,2.5853846153846147,False,0.17261904761904745
whatsapp_nl,wa_M_027,102,decrescente,23,1.51,2.889785714285715,2.5871428571428576,1.9656481481481483,0.9047619047619048,0.7477017085646844,2.4417391304347826,True,0.6358333333333337
whatsapp_nl,wa_M_029,4,decrescente,13,0.8249999999999995,2.0304166666666665,1.9580000000000002,1.5932000000000002,0.8181818181818182,0.5124774493523344,1.8376923076923077,False,0.5645238095238096
whatsapp_nl,wa_M_031,3,sobe_e_cai,12,1.312,1.833875,2.5680000000000005,1.9633333333333336,0.8,0.8818714317984352,2.0816666666666666,True,0.8633333333333331
whatsapp_nl,wa_M_031,4,sobe_e_cai,18,1.1773333333333333,2.0441944444444444,2.5316666666666667,2.280111111111111,0.5,0.7924504891649559,2.2933333333333334,False,0.19999999999999973
whatsapp_nl,wa_M_032,4,decrescente,16,1.4233333333333331,2.831533333333333,2.3839999999999995,2.219361111111111,0.6428571428571429,0.8186765234205755,2.4175,True,0.17499999999999982
whatsapp_nl,wa_M_033,17,oscilante_sem_tendencia,60,1.4640000000000002,1.8395416666666666,2.2672,2.095758333333334,0.7758620689655172,0.6273783857361432,2.068833333333333,True,0.01833333333333309
whatsapp_nl,wa_M_034,4,cai_e_sobe,17,1.0439999999999998,1.9601666666666666,1.6303999999999998,2.2797380952380952,0.8,0.8352112634964164,1.9847058823529413,True,0.610972222222222
whatsapp_nl,wa_M_034,6,sobe_e_cai,26,1.769333333333333,1.6230208333333334,2.3175,1.5535666666666668,0.5833333333333334,0.8393693039433637,1.8023076923076926,False,0.21999999999999997
whatsapp_nl,wa_M_036,2,cai_e_sobe,32,1.618666666666667,2.307666666666667,1.2806,1.7224444444444444,0.6206896551724138,0.7945841458547672,1.7571875000000001,True,0.20437499999999997
whatsapp_nl,wa_M_036,3,oscilante_sem_tendencia,28,1.4000000000000004,1.6664629629629628,1.5597777777777777,2.0106000000000006,0.8461538461538461,0.8257569193145878,1.7457142857142858,True,1.0228571428571427
whatsapp_nl,wa_M_038,25,oscilante_sem_tendencia,25,0.8159999999999998,1.4739999999999998,1.4132500000000001,1.6451111111111112,0.6521739130434783,0.5659037373970948,1.5135999999999998,False,0.24891025641025655
whatsapp_nl,wa_M_038,26,oscilante_sem_tendencia,35,1.306,2.2586363636363633,2.3749090909090906,1.874679487179487,0.6060606060606061,0.6554630704583545,2.1471428571428572,True,0.15996732026143778
whatsapp_nl,wa_M_039,0,sobe_e_cai,47,1.8106666666666666,2.018855555555555,2.3464,1.9537843137254896,0.6136363636363636,0.6871799596662823,2.0891489361702127,True,0.272427536231884
whatsapp_nl,wa_M_039,1,crescente,13,0.9958333333333336,1.6750416666666665,1.709,2.175866666666667,0.8,0.7687814072094915,1.8646153846153846,True,0.5409523809523811
whatsapp_nl,wa_M_041,10,decrescente,12,1.6533333333333338,2.6534166666666668,1.8465,1.5548333333333333,1.0,0.7662299480791216,2.015,True,0.9866666666666668
whatsapp_nl,wa_M_041,18,oscilante_sem_tendencia,16,0.9739999999999998,2.062,1.5632,1.7859166666666664,0.38461538461538464,0.6392573816546822,1.79,False,0.39249999999999985
whatsapp_nl,wa_M_042,26,decrescente,13,1.086666666666667,2.1349583333333335,1.9565000000000001,1.3945333333333332,0.6363636363636364,0.4857605517222117,1.7953846153846156,False,0.03785714285714259
whatsapp_nl,wa_M_043,36,crescente,18,0.9159999999999999,1.704666666666667,1.9896666666666667,2.2449166666666667,0.625,0.5948949487094339,1.986666666666667,False,0.09333333333333305
whatsapp_nl,wa_M_044,18,sobe_e_cai,16,1.5335,2.0873333333333335,2.3404,1.3724166666666664,0.6428571428571429,0.9292663436819393,1.88875,True,0.11749999999999994
whatsapp_nl,wa_M_044,20,crescente,22,1.4113333333333333,1.8524761904761906,1.9414285714285715,2.279916666666667,0.75,0.7990826351831453,2.0581818181818186,True,0.5909090909090908
whatsapp_nl,wa_M_047,2,oscilante_sem_tendencia,12,0.6293333333333333,1.9855416666666665,1.9425,2.208833333333333,0.7,0.5937890338046558,2.0225,False,0.4149999999999998
whatsapp_nl,wa_M_047,6,oscilante_sem_tendencia,16,0.8839999999999999,2.0042333333333335,2.176,1.9471388888888885,0.5714285714285714,0.6129153566154139,2.041875,False,0.26125
whatsapp_nl,wa_M_047,7,crescente,23,1.3679999999999999,1.9064761904761904,2.3682857142857143,2.468574074074074,0.6190476190476191,0.7928591986504843,2.277826086956522,True,0.0790909090909091
whatsapp_nl,wa_M_048,0,oscilante_sem_tendencia,12,0.8086666666666666,1.7994583333333334,1.915,1.5087083333333333,0.4,0.4594803828480844,1.7266666666666668,False,0.05333333333333323
whatsapp_nl,wa_M_049,0,oscilante_sem_tendencia,28,1.44,1.9552222222222224,2.097555555555555,1.8395499999999998,0.7692307692307693,0.8005198406698751,1.9646428571428571,True,3.22
whatsapp_nl,wa_M_050,3,decrescente,27,1.4025,2.7686481481481486,2.4424444444444444,2.1502222222222223,0.72,0.7768311699891209,2.4666666666666663,True,0.23538461538461508
whatsapp_nl,wa_M_051,67,crescente,13,1.6360000000000006,1.5498750000000001,2.4275,2.3672333333333335,0.6363636363636364,0.8330190334315126,2.1084615384615386,True,0.7333333333333334
whatsapp_nl,wa_M_051,68,decrescente,15,1.3009999999999995,2.3910666666666662,1.9184,1.5735333333333337,0.7692307692307693,0.7795371846308694,1.9453333333333334,True,0.5001785714285714
whatsapp_nl,wa_M_051,69,cai_e_sobe,32,1.97,2.2824,1.59,2.333888888888889,0.6,0.9182476836854804,2.0834374999999996,False,0.516875
whatsapp_nl,wa_M_052,3,crescente,28,0.9660000000000002,1.5597037037037038,1.863777777777778,2.0182,0.6923076923076923,0.4695996721046729,1.8110714285714287,False,0.25071428571428567
whatsapp_nl,wa_M_056,9,decrescente,40,1.7270000000000003,2.6532435897435898,2.8139999999999996,2.11502380952381,0.6578947368421053,0.7511449593786808,2.5175,True,0.13699999999999957
whatsapp_nl,wa_M_057,33,oscilante_sem_tendencia,14,0.8253333333333335,2.258208333333333,2.2649999999999997,2.5995555555555554,0.5833333333333334,0.6236368808719329,2.3864285714285716,False,0.3271428571428574
whatsapp_nl,wa_M_057,36,decrescente,43,1.6960000000000002,2.3954880952380955,2.3935714285714282,1.7727000000000002,0.8048780487804879,0.8009564320594025,2.1888372093023256,True,0.7952597402597401
whatsapp_nl,wa_M_062,7,oscilante_sem_tendencia,36,0.9793333333333336,2.399111111111111,2.2319999999999998,2.1435,0.6666666666666666,0.6550881101796654,2.2561111111111116,True,0.04555555555555557
whatsapp_nl,wa_M_062,10,decrescente,14,0.708,2.28575,2.1035,1.8080833333333335,0.75,0.6801335403088582,2.045714285714286,True,0.03428571428571381
whatsapp_nl,wa_M_063,111,plana,18,0.5204999999999997,1.6852777777777777,1.721,1.8410833333333334,0.6875,0.5008720789844178,1.7822222222222222,False,0.12444444444444458
whatsapp_nl,wa_M_063,112,cai_e_sobe,19,1.203333333333333,2.0335555555555556,1.5436666666666667,2.1289761904761906,0.75,0.6160507767682682,1.911578947368421,True,0.18488888888888866
