expr,human,base_gemini,base_gpt4omini,base_llama70b,styled_gemini,bestof3_jev,maichat_per1000msg,nps_chatroom_per1000msg,nus_sms_per1000msg,empathetic_per1000msg
"absolutely",0.0,0.0,1.6,0.4,0.0,0.0,0.5,0.0,0.1,1.9
"totally",0.0,8.0,6.4,1.6,1.6,0.0,0.2,0.3,1.0,2.3
"definitely",0.0,4.8,4.8,0.8,2.0,0.8,1.2,0.1,1.1,5.4
"that's/that is + amazing/awesome/great/wonderful/fantastic",1.2,0.0,5.6,4.4,0.0,0.0,0.5,0.4,0.5,20.0
"sounds (like/amazing/fun/great…)",1.2,2.0,9.2,4.0,1.2,1.2,2.6,0.4,0.9,12.5
"i'd love to / i would love",0.0,0.0,0.0,0.8,0.0,0.0,0.2,0.0,0.1,0.7
"it's okay to / it's normal to / it's understandable",0.0,0.0,1.2,0.0,0.0,0.0,0.0,0.0,0.0,0.7
"i'm here for you / here if you need",0.0,0.8,0.4,0.4,0.0,0.0,0.0,0.0,0.0,0.0
"i'm (so) sorry to hear / sorry you're",1.2,2.0,5.2,4.0,0.0,0.0,0.0,0.4,0.0,12.0
"so proud of you",0.0,0.0,0.0,0.0,0.0,0.0,0.0,0.0,0.0,0.2
"that's so sweet / aww",0.0,4.8,0.8,3.6,0.0,0.0,2.2,4.7,1.7,4.1
"journey",0.0,0.0,0.4,0.0,0.0,0.0,1.7,0.0,0.5,0.3
"vibe(s)",0.0,2.0,2.4,0.0,0.4,0.0,1.9,0.0,0.0,0.4
"em dash —",0.0,0.4,0.8,0.0,0.0,0.0,0.0,0.0,0.0,0.0
"começa com 'Oh,'",0.0,0.0,0.4,0.0,0.0,0.0,0.2,0.8,0.6,5.9
"começa com 'Haha,' / 'Lol,'",0.0,0.8,2.0,0.0,0.0,0.0,0.2,1.3,0.8,1.1
"what about you / how about you / and you?",2.4,5.6,8.0,4.0,0.4,0.0,4.8,2.3,4.0,6.0
"let me know / feel free",0.0,1.6,1.2,0.4,0.0,0.4,0.0,0.1,3.8,0.2
"i hope / hopefully",1.2,0.0,1.6,0.0,0.0,0.0,1.7,0.8,3.8,33.5
"for sure",0.0,0.0,1.2,0.0,0.4,0.4,1.0,0.1,0.4,3.9
"can't wait",0.4,0.0,2.8,0.8,0.8,0.8,0.7,0.5,0.7,5.6
"tell me (more/everything)",0.0,0.0,0.0,0.4,0.0,0.0,0.0,0.0,0.1,0.3
"so much fun / a blast",0.0,0.0,0.4,2.4,0.0,0.0,0.7,0.0,0.0,1.8
"nome do usuário (vocativo)",0.0,5.2,4.8,5.2,0.4,0.4,0.0,0.0,0.1,0.0
"right? (tag)",0.8,4.4,8.4,3.2,0.4,0.8,0.7,0.5,4.2,2.6
"💀/😭 (gíria emoji)",0.8,8.4,0.0,0.0,0.8,0.4,5.5,0.0,0.0,0.0
"😂/🤣",0.0,14.0,4.8,3.6,0.4,0.4,2.4,0.0,0.0,0.0
"😊/🥰/❤️/✨/🎉",0.0,6.8,2.8,1.2,0.0,0.0,2.2,0.0,0.0,0.0
"gíria forçada (bestie/slay/no cap/fr fr/vibing/elite/iconic/lowkey)",0.4,2.0,0.8,1.2,0.4,0.0,3.4,0.3,0.5,0.6
