q,sign,dev_auc,dev_auc_len,dev_auc_instructed_len,dev_mean_h,dev_mean_llm,test_auc,test_auc_len,test_auc_instructed_len,test_mean_h,test_mean_llm
t_multi_ideas,1,0.645,0.537,0.457,0.392,0.561,0.66,0.544,0.47,0.392,0.589
t_multi_acts,1,0.688,0.6,0.468,0.685,0.79,0.71,0.656,0.53,0.673,0.806
t_template,1,0.633,0.565,0.437,0.164,0.367,0.638,0.587,0.414,0.151,0.365
t_longer_than_other,1,0.683,0.604,0.401,0.525,0.697,0.689,0.604,0.415,0.477,0.686
t_answers_several,1,0.661,0.589,0.517,0.354,0.491,0.677,0.609,0.518,0.335,0.489
t_explains,1,0.469,0.392,0.423,0.214,0.195,0.553,0.461,0.507,0.194,0.203
t_keeps_going,1,0.62,0.486,0.396,0.191,0.263,0.652,0.501,0.401,0.202,0.3
t_full_sentences,1,0.62,0.52,0.391,0.359,0.48,0.596,0.526,0.286,0.442,0.544
t_tidy_punct,1,0.586,0.547,0.462,0.356,0.439,0.532,0.496,0.308,0.472,0.504
t_ends_generic_q,1,0.58,0.54,0.449,0.112,0.213,0.56,0.538,0.421,0.141,0.212
t_ends_q,1,0.584,0.539,0.438,0.3,0.458,0.54,0.515,0.385,0.36,0.444
t_interview_q,1,0.588,0.549,0.45,0.089,0.15,0.536,0.485,0.381,0.128,0.15
t_q_filler,1,0.559,0.515,0.426,0.175,0.226,0.515,0.494,0.376,0.212,0.221
t_validation_formula,1,0.597,0.556,0.542,0.127,0.198,0.647,0.608,0.584,0.134,0.259
t_names_emotion,1,0.575,0.543,0.509,0.042,0.066,0.583,0.538,0.503,0.052,0.079
t_reacts_to_fact,-1,0.374,0.414,0.422,0.652,0.766,0.354,0.376,0.397,0.63,0.77
t_overvalidation,1,0.595,0.548,0.515,0.15,0.181,0.634,0.592,0.521,0.143,0.189
t_reassures,1,0.598,0.579,0.532,0.118,0.18,0.629,0.59,0.547,0.105,0.201
t_praises,1,0.566,0.533,0.48,0.126,0.156,0.602,0.56,0.51,0.097,0.165
t_thanks,1,0.552,0.545,0.483,0.034,0.058,0.571,0.545,0.513,0.036,0.064
t_offers_support,1,0.573,0.564,0.471,0.034,0.077,0.535,0.504,0.478,0.043,0.07
t_more_excited,1,0.684,0.638,0.492,0.405,0.577,0.679,0.638,0.468,0.426,0.586
t_superlatives,1,0.573,0.519,0.483,0.123,0.184,0.617,0.561,0.516,0.135,0.219
t_perf_opener,1,0.61,0.582,0.561,0.114,0.226,0.629,0.616,0.61,0.128,0.237
t_laughs_unfunny,1,0.522,0.521,0.484,0.075,0.125,0.579,0.602,0.585,0.054,0.143
t_emoji_decor,1,0.65,0.636,0.544,0.055,0.22,0.62,0.616,0.499,0.065,0.225
t_forced,1,0.6,0.587,0.511,0.166,0.201,0.597,0.582,0.539,0.166,0.194
t_trendy_slang,1,0.606,0.616,0.612,0.069,0.114,0.603,0.619,0.689,0.07,0.121
t_over_warm,1,0.579,0.553,0.448,0.217,0.23,0.576,0.552,0.409,0.219,0.236
t_paraphrase,1,0.666,0.625,0.565,0.172,0.282,0.669,0.628,0.556,0.184,0.306
t_repeats_words,1,0.635,0.581,0.578,0.259,0.366,0.636,0.591,0.523,0.289,0.401
t_summarizes,1,0.577,0.482,0.461,0.198,0.25,0.618,0.533,0.542,0.203,0.268
t_formal,1,0.518,0.449,0.397,0.154,0.154,0.542,0.434,0.349,0.162,0.172
t_assistant,1,0.543,0.523,0.454,0.093,0.104,0.511,0.479,0.381,0.114,0.12
t_polite_markers,1,0.637,0.596,0.543,0.068,0.134,0.666,0.614,0.558,0.072,0.141
t_balanced,1,0.559,0.527,0.469,0.501,0.539,0.566,0.538,0.432,0.53,0.579
t_blunt,-1,0.727,0.688,0.52,0.542,0.316,0.723,0.69,0.48,0.517,0.299
t_teases,-1,0.536,0.524,0.556,0.269,0.268,0.505,0.478,0.497,0.211,0.238
t_self_focus,-1,0.527,0.548,0.485,0.447,0.421,0.477,0.508,0.447,0.423,0.446
t_own_thread,-1,0.668,0.657,0.631,0.282,0.155,0.668,0.668,0.627,0.314,0.156
t_minimal_ack,-1,0.574,0.496,0.416,0.089,0.068,0.594,0.525,0.384,0.094,0.081
t_casual_typing,-1,0.509,0.504,0.465,0.429,0.42,0.515,0.508,0.344,0.384,0.381
t_insider,-1,0.547,0.526,0.502,0.256,0.228,0.594,0.593,0.532,0.257,0.187
t_invented,1,0.438,0.343,0.397,0.278,0.21,0.44,0.322,0.395,0.295,0.216
t_generic,-1,0.55,0.464,0.475,0.488,0.449,0.586,0.524,0.537,0.505,0.435
t_direct,-1,0.329,0.342,0.382,0.741,0.864,0.314,0.308,0.371,0.709,0.862
t_register,-1,0.398,0.348,0.388,0.777,0.804,0.397,0.356,0.36,0.75,0.782
t_performs_personality,1,0.588,0.551,0.483,0.47,0.547,0.629,0.606,0.562,0.423,0.549
t_scripted_warmth,1,0.55,0.534,0.512,0.345,0.374,0.538,0.53,0.462,0.373,0.394
t_mirror_question,1,0.577,0.536,0.477,0.071,0.126,0.569,0.531,0.434,0.079,0.136
t_advice,1,0.524,0.471,0.465,0.1,0.115,0.524,0.45,0.486,0.113,0.106
t_hedged_opinion,1,0.547,0.485,0.524,0.107,0.133,0.578,0.519,0.593,0.121,0.134
cf_friend_shorter,1,0.554,0.402,0.289,0.421,0.44,0.57,0.397,0.3,0.425,0.453
cf_stop_first,1,0.403,0.479,0.543,0.401,0.376,0.436,0.497,0.607,0.389,0.371
cf_friend_no_q,1,0.396,0.424,0.52,0.276,0.24,0.412,0.429,0.543,0.27,0.237
cf_friend_less_emotion,1,0.474,0.454,0.406,0.338,0.335,0.439,0.429,0.347,0.351,0.339
cf_suspect_ai,1,0.498,0.404,0.424,0.201,0.195,0.45,0.356,0.316,0.232,0.22
cf_fits_any,1,0.504,0.588,0.568,0.596,0.601,0.544,0.609,0.562,0.582,0.602
cf_friend_same,-1,0.305,0.296,0.379,0.832,0.888,0.291,0.273,0.347,0.793,0.881
p_validation_1,1,0.614,0.569,0.509,0.148,0.217,0.642,0.596,0.518,0.153,0.266
p_validation_2,1,0.602,0.555,0.532,0.169,0.28,0.645,0.597,0.592,0.188,0.335
p_validation_3,1,0.58,0.533,0.538,0.05,0.087,0.607,0.554,0.533,0.061,0.122
p_echo_1,1,0.678,0.639,0.591,0.15,0.249,0.66,0.624,0.569,0.173,0.268
p_echo_2,1,0.65,0.618,0.579,0.222,0.298,0.622,0.593,0.531,0.244,0.308
p_echo_3,1,0.63,0.574,0.547,0.221,0.3,0.642,0.593,0.533,0.23,0.321
p_enthusiasm_1,1,0.722,0.674,0.519,0.285,0.522,0.715,0.691,0.482,0.294,0.535
p_enthusiasm_2,1,0.619,0.591,0.501,0.209,0.255,0.598,0.569,0.443,0.205,0.248
p_enthusiasm_3,1,0.65,0.619,0.483,0.385,0.503,0.661,0.61,0.499,0.387,0.516
p_too_much_1,1,0.614,0.495,0.385,0.202,0.263,0.596,0.46,0.368,0.214,0.267
p_too_much_2,1,0.665,0.565,0.46,0.402,0.558,0.678,0.564,0.472,0.395,0.574
p_too_much_3,1,0.645,0.574,0.536,0.424,0.491,0.649,0.549,0.472,0.437,0.51
p_assistant_1,1,0.524,0.467,0.425,0.212,0.217,0.511,0.435,0.337,0.24,0.246
p_assistant_2,1,0.612,0.565,0.493,0.125,0.196,0.599,0.556,0.459,0.156,0.234
p_assistant_3,1,0.553,0.504,0.434,0.265,0.292,0.574,0.508,0.364,0.278,0.317
p_filler_q_1,1,0.586,0.535,0.452,0.125,0.267,0.563,0.525,0.414,0.135,0.276
p_filler_q_2,1,0.599,0.553,0.459,0.242,0.394,0.55,0.522,0.39,0.313,0.392
p_filler_q_3,1,0.576,0.533,0.443,0.176,0.296,0.55,0.525,0.412,0.221,0.3
s_friend_vs_assistant,1,0.681,0.6,0.443,0.62,1.243,0.69,0.631,0.412,0.684,1.414
s_energy_vs_other,1,0.692,0.652,0.516,1.889,2.43,0.7,0.657,0.488,1.977,2.484
s_length,1,0.668,0.565,0.408,1.991,2.094,0.704,0.577,0.493,1.96,2.129
s_polish,1,0.62,0.524,0.411,0.815,1.128,0.568,0.487,0.266,1.122,1.362
s_moves,1,0.659,0.552,0.468,0.842,1.261,0.69,0.601,0.491,0.811,1.331
s_validation,1,0.642,0.602,0.546,0.752,1.199,0.685,0.641,0.573,0.754,1.38
h_human,-1,0.582,0.526,0.463,0.637,0.609,0.564,0.51,0.361,0.607,0.581
h_ai,1,0.544,0.473,0.435,0.323,0.332,0.499,0.405,0.317,0.361,0.362
